match_id,season,date,venue,team_1,team_2,winner,win_by_runs,win_by_wickets,player_of_match
1082591,2017,2017-04-05,"Rajiv Gandhi International Stadium, Uppal",Sunrisers Hyderabad,Royal Challengers Bangalore,Sunrisers Hyderabad,35,,
1082592,2017,2017-04-06,Maharashtra Cricket Association Stadium,Rising Pune Supergiant,Mumbai Indians,Rising Pune Supergiant,,7,
1082593,2017,2017-04-07,Saurashtra Cricket Association Stadium,Gujarat Lions,Kolkata Knight Riders,Kolkata Knight Riders,,10,
1082594,2017,2017-04-08,Holkar Cricket Stadium,Kings XI Punjab,Rising Pune Supergiant,Kings XI Punjab,,6,
1082595,2017,2017-04-08,M.Chinnaswamy Stadium,Royal Challengers Bangalore,Delhi Daredevils,Royal Challengers Bangalore,15,,
1082596,2017,2017-04-09,"Rajiv Gandhi International Stadium, Uppal",Sunrisers Hyderabad,Gujarat Lions,Sunrisers Hyderabad,,9,
1082597,2017,2017-04-09,Wankhede Stadium,Mumbai Indians,Kolkata Knight Riders,Mumbai Indians,,4,
1082598,2017,2017-04-10,Holkar Cricket Stadium,Kings XI Punjab,Royal Challengers Bangalore,Kings XI Punjab,,8,
1082599,2017,2017-04-11,Maharashtra Cricket Association Stadium,Rising Pune Supergiant,Delhi Daredevils,Delhi Daredevils,97,,
1082600,2017,2017-04-12,Wankhede Stadium,Mumbai Indians,Sunrisers Hyderabad,Mumbai Indians,,4,
1082601,2017,2017-04-13,Eden Gardens,Kolkata Knight Riders,Kings XI Punjab,Kolkata Knight Riders,,8,
1082602,2017,2017-04-14,M Chinnaswamy Stadium,Royal Challengers Bangalore,Mumbai Indians,Mumbai Indians,,4,
1082603,2017,2017-04-14,Saurashtra Cricket Association Stadium,Gujarat Lions,Rising Pune Supergiant,Gujarat Lions,,7,
1082604,2017,2017-04-15,Eden Gardens,Kolkata Knight Riders,Sunrisers Hyderabad,Kolkata Knight Riders,17,,
1082605,2017,2017-04-15,Feroz Shah Kotla,Delhi Daredevils,Kings XI Punjab,Delhi Daredevils,51,,
1082606,2017,2017-04-16,Wankhede Stadium,Mumbai Indians,Gujarat Lions,Mumbai Indians,,6,
1082607,2017,2017-04-16,M Chinnaswamy Stadium,Royal Challengers Bangalore,Rising Pune Supergiant,Rising Pune Supergiant,27,,
1082608,2017,2017-04-17,Feroz Shah Kotla,Delhi Daredevils,Kolkata Knight Riders,Kolkata Knight Riders,,4,
1082609,2017,2017-04-17,"Rajiv Gandhi International Stadium, Uppal",Sunrisers Hyderabad,Kings XI Punjab,Sunrisers Hyderabad,5,,
1082610,2017,2017-04-18,Saurashtra Cricket Association Stadium,Gujarat Lions,Royal Challengers Bangalore,Royal Challengers Bangalore,21,,
1082611,2017,2017-04-19,"Rajiv Gandhi International Stadium, Uppal",Sunrisers Hyderabad,Delhi Daredevils,Sunrisers Hyderabad,15,,
1082612,2017,2017-04-20,Holkar Cricket Stadium,Kings XI Punjab,Mumbai Indians,Mumbai Indians,,8,
1082613,2017,2017-04-21,Eden Gardens,Kolkata Knight Riders,Gujarat Lions,Gujarat Lions,,4,
1082614,2017,2017-04-22,Wankhede Stadium,Mumbai Indians,Delhi Daredevils,Mumbai Indians,14,,
1082615,2017,2017-04-22,Maharashtra Cricket Association Stadium,Rising Pune Supergiant,Sunrisers Hyderabad,Rising Pune Supergiant,,6,
1082616,2017,2017-04-23,Saurashtra Cricket Association Stadium,Gujarat Lions,Kings XI Punjab,Kings XI Punjab,26,,
1082617,2017,2017-04-23,Eden Gardens,Kolkata Knight Riders,Royal Challengers Bangalore,Kolkata Knight Riders,82,,
1082618,2017,2017-04-24,Wankhede Stadium,Mumbai Indians,Rising Pune Supergiant,Rising Pune Supergiant,3,,
1082620,2017,2017-04-26,Maharashtra Cricket Association Stadium,Rising Pune Supergiant,Kolkata Knight Riders,Kolkata Knight Riders,,7,
1082621,2017,2017-04-27,M Chinnaswamy Stadium,Royal Challengers Bangalore,Gujarat Lions,Gujarat Lions,,7,
1082622,2017,2017-04-28,Eden Gardens,Kolkata Knight Riders,Delhi Daredevils,Kolkata Knight Riders,,7,
1082623,2017,2017-04-28,"Punjab Cricket Association IS Bindra Stadium, Mohali",Kings XI Punjab,Sunrisers Hyderabad,Sunrisers Hyderabad,26,,
1082624,2017,2017-04-29,Maharashtra Cricket Association Stadium,Rising Pune Supergiant,Royal Challengers Bangalore,Rising Pune Supergiant,61,,
1082625,2017,2017-04-29,Saurashtra Cricket Association Stadium,Gujarat Lions,Mumbai Indians,,,,
1082626,2017,2017-04-30,"Punjab Cricket Association IS Bindra Stadium, Mohali",Kings XI Punjab,Delhi Daredevils,Kings XI Punjab,,10,
1082627,2017,2017-04-30,"Rajiv Gandhi International Stadium, Uppal",Sunrisers Hyderabad,Kolkata Knight Riders,Sunrisers Hyderabad,48,,
1082628,2017,2017-05-01,Wankhede Stadium,Mumbai Indians,Royal Challengers Bangalore,Mumbai Indians,,5,
1082629,2017,2017-05-01,Maharashtra Cricket Association Stadium,Rising Pune Supergiant,Gujarat Lions,Rising Pune Supergiant,,5,
1082630,2017,2017-05-02,Feroz Shah Kotla,Delhi Daredevils,Sunrisers Hyderabad,Delhi Daredevils,,6,
1082631,2017,2017-05-03,Eden Gardens,Kolkata Knight Riders,Rising Pune Supergiant,Rising Pune Supergiant,,4,
1082632,2017,2017-05-04,Feroz Shah Kotla,Delhi Daredevils,Gujarat Lions,Delhi Daredevils,,7,
1082633,2017,2017-05-05,M Chinnaswamy Stadium,Royal Challengers Bangalore,Kings XI Punjab,Kings XI Punjab,19,,
1082634,2017,2017-05-06,"Rajiv Gandhi International Stadium, Uppal",Sunrisers Hyderabad,Rising Pune Supergiant,Rising Pune Supergiant,12,,
1082635,2017,2017-05-06,Feroz Shah Kotla,Delhi Daredevils,Mumbai Indians,Mumbai Indians,146,,
1082636,2017,2017-05-07,M Chinnaswamy Stadium,Royal Challengers Bangalore,Kolkata Knight Riders,Kolkata Knight Riders,,6,
1082637,2017,2017-05-07,"Punjab Cricket Association IS Bindra Stadium, Mohali",Kings XI Punjab,Gujarat Lions,Gujarat Lions,,6,
1082638,2017,2017-05-08,"Rajiv Gandhi International Stadium, Uppal",Sunrisers Hyderabad,Mumbai Indians,Sunrisers Hyderabad,,7,
1082639,2017,2017-05-09,"Punjab Cricket Association IS Bindra Stadium, Mohali",Kings XI Punjab,Kolkata Knight Riders,Kings XI Punjab,14,,
1082640,2017,2017-05-10,Green Park,Gujarat Lions,Delhi Daredevils,Delhi Daredevils,,2,
1082641,2017,2017-05-11,Wankhede Stadium,Mumbai Indians,Kings XI Punjab,Kings XI Punjab,7,,
1082642,2017,2017-05-12,Feroz Shah Kotla,Delhi Daredevils,Rising Pune Supergiant,Delhi Daredevils,7,,
1082643,2017,2017-05-13,Green Park,Gujarat Lions,Sunrisers Hyderabad,Sunrisers Hyderabad,,8,
1082644,2017,2017-05-13,Eden Gardens,Kolkata Knight Riders,Mumbai Indians,Mumbai Indians,9,,
1082645,2017,2017-05-14,Maharashtra Cricket Association Stadium,Rising Pune Supergiant,Kings XI Punjab,Rising Pune Supergiant,,9,
1082646,2017,2017-05-14,Feroz Shah Kotla,Delhi Daredevils,Royal Challengers Bangalore,Royal Challengers Bangalore,10,,
1082647,2017,2017-05-16,Wankhede Stadium,Mumbai Indians,Rising Pune Supergiant,Rising Pune Supergiant,20,,
1082648,2017,2017-05-17,M Chinnaswamy Stadium,Sunrisers Hyderabad,Kolkata Knight Riders,Kolkata Knight Riders,,7,
1082649,2017,2017-05-19,M Chinnaswamy Stadium,Mumbai Indians,Kolkata Knight Riders,Mumbai Indians,,6,
1082650,2017,2017-05-21,"Rajiv Gandhi International Stadium, Uppal",Mumbai Indians,Rising Pune Supergiant,Mumbai Indians,1,,
1136561,2018,2018-04-07,Wankhede Stadium,Mumbai Indians,Chennai Super Kings,Chennai Super Kings,,1,
1136562,2018,2018-04-08,Punjab Cricket Association IS Bindra Stadium,Delhi Daredevils,Kings XI Punjab,Kings XI Punjab,,6,
1136563,2018,2018-04-08,Eden Gardens,Royal Challengers Bangalore,Kolkata Knight Riders,Kolkata Knight Riders,,4,
1136564,2018,2018-04-09,Rajiv Gandhi International Stadium,Rajasthan Royals,Sunrisers Hyderabad,Sunrisers Hyderabad,,9,
1136565,2018,2018-04-10,MA Chidambaram Stadium,Kolkata Knight Riders,Chennai Super Kings,Chennai Super Kings,,5,
1136566,2018,2018-04-11,Sawai Mansingh Stadium,Rajasthan Royals,Delhi Daredevils,Rajasthan Royals,10,,
1136567,2018,2018-04-12,Rajiv Gandhi International Stadium,Mumbai Indians,Sunrisers Hyderabad,Sunrisers Hyderabad,,1,
1136568,2018,2018-04-13,M.Chinnaswamy Stadium,Kings XI Punjab,Royal Challengers Bangalore,Royal Challengers Bangalore,,4,
1136569,2018,2018-04-14,Wankhede Stadium,Mumbai Indians,Delhi Daredevils,Delhi Daredevils,,7,
1136570,2018,2018-04-14,Eden Gardens,Kolkata Knight Riders,Sunrisers Hyderabad,Sunrisers Hyderabad,,5,
1136571,2018,2018-04-15,M.Chinnaswamy Stadium,Rajasthan Royals,Royal Challengers Bangalore,Rajasthan Royals,19,,
1136572,2018,2018-04-15,Punjab Cricket Association IS Bindra Stadium,Kings XI Punjab,Chennai Super Kings,Kings XI Punjab,4,,
1136573,2018,2018-04-16,Eden Gardens,Kolkata Knight Riders,Delhi Daredevils,Kolkata Knight Riders,71,,
1136574,2018,2018-04-17,Wankhede Stadium,Mumbai Indians,Royal Challengers Bangalore,Mumbai Indians,46,,
1136575,2018,2018-04-18,Sawai Mansingh Stadium,Rajasthan Royals,Kolkata Knight Riders,Kolkata Knight Riders,,7,
1136576,2018,2018-04-19,Punjab Cricket Association IS Bindra Stadium,Kings XI Punjab,Sunrisers Hyderabad,Kings XI Punjab,15,,
1136577,2018,2018-04-20,Maharashtra Cricket Association Stadium,Chennai Super Kings,Rajasthan Royals,Chennai Super Kings,64,,
1136578,2018,2018-04-21,Eden Gardens,Kolkata Knight Riders,Kings XI Punjab,Kings XI Punjab,,9,
1136579,2018,2018-04-21,M.Chinnaswamy Stadium,Delhi Daredevils,Royal Challengers Bangalore,Royal Challengers Bangalore,,6,
1136580,2018,2018-04-22,Rajiv Gandhi International Stadium,Chennai Super Kings,Sunrisers Hyderabad,Chennai Super Kings,4,,
1136581,2018,2018-04-22,Sawai Mansingh Stadium,Mumbai Indians,Rajasthan Royals,Rajasthan Royals,,3,
1136582,2018,2018-04-23,Arun Jaitley Stadium,Kings XI Punjab,Delhi Daredevils,Kings XI Punjab,4,,
1136583,2018,2018-04-24,Wankhede Stadium,Sunrisers Hyderabad,Mumbai Indians,Sunrisers Hyderabad,31,,
1136584,2018,2018-04-25,M.Chinnaswamy Stadium,Royal Challengers Bangalore,Chennai Super Kings,Chennai Super Kings,,5,
1136585,2018,2018-04-26,Rajiv Gandhi International Stadium,Sunrisers Hyderabad,Kings XI Punjab,Sunrisers Hyderabad,13,,
1136586,2018,2018-04-27,Arun Jaitley Stadium,Delhi Daredevils,Kolkata Knight Riders,Delhi Daredevils,55,,
1136587,2018,2018-04-28,Maharashtra Cricket Association Stadium,Chennai Super Kings,Mumbai Indians,Mumbai Indians,,8,
1136588,2018,2018-04-29,Sawai Mansingh Stadium,Sunrisers Hyderabad,Rajasthan Royals,Sunrisers Hyderabad,11,,
1136589,2018,2018-04-29,M.Chinnaswamy Stadium,Royal Challengers Bangalore,Kolkata Knight Riders,Kolkata Knight Riders,,6,
1136590,2018,2018-04-30,Maharashtra Cricket Association Stadium,Chennai Super Kings,Delhi Daredevils,Chennai Super Kings,13,,
1136591,2018,2018-05-01,M.Chinnaswamy Stadium,Royal Challengers Bangalore,Mumbai Indians,Royal Challengers Bangalore,14,,
1136592,2018,2018-05-02,Arun Jaitley Stadium,Delhi Daredevils,Rajasthan Royals,Delhi Daredevils,4,,
1136593,2018,2018-05-03,Eden Gardens,Chennai Super Kings,Kolkata Knight Riders,Kolkata Knight Riders,,6,
1136594,2018,2018-05-04,Holkar Cricket Stadium,Kings XI Punjab,Mumbai Indians,Mumbai Indians,,6,
1136595,2018,2018-05-05,Maharashtra Cricket Association Stadium,Royal Challengers Bangalore,Chennai Super Kings,Chennai Super Kings,,6,
1136596,2018,2018-05-05,Rajiv Gandhi International Stadium,Delhi Daredevils,Sunrisers Hyderabad,Sunrisers Hyderabad,,7,
1136597,2018,2018-05-06,Wankhede Stadium,Mumbai Indians,Kolkata Knight Riders,Mumbai Indians,13,,
1136598,2018,2018-05-06,Holkar Cricket Stadium,Rajasthan Royals,Kings XI Punjab,Kings XI Punjab,,6,
1136599,2018,2018-05-07,Rajiv Gandhi International Stadium,Sunrisers Hyderabad,Royal Challengers Bangalore,Sunrisers Hyderabad,5,,
1136600,2018,2018-05-08,Sawai Mansingh Stadium,Rajasthan Royals,Kings XI Punjab,Rajasthan Royals,15,,
1136601,2018,2018-05-09,Eden Gardens,Mumbai Indians,Kolkata Knight Riders,Mumbai Indians,102,,
1136602,2018,2018-05-10,Arun Jaitley Stadium,Delhi Daredevils,Sunrisers Hyderabad,Sunrisers Hyderabad,,9,
1136603,2018,2018-05-11,Sawai Mansingh Stadium,Chennai Super Kings,Rajasthan Royals,Rajasthan Royals,,4,
1136604,2018,2018-05-12,Holkar Cricket Stadium,Kolkata Knight Riders,Kings XI Punjab,Kolkata Knight Riders,31,,
1136605,2018,2018-05-12,Arun Jaitley Stadium,Delhi Daredevils,Royal Challengers Bangalore,Royal Challengers Bangalore,,5,
1136606,2018,2018-05-13,Maharashtra Cricket Association Stadium,Sunrisers Hyderabad,Chennai Super Kings,Chennai Super Kings,,8,
1136607,2018,2018-05-13,Wankhede Stadium,Mumbai Indians,Rajasthan Royals,Rajasthan Royals,,7,
1136608,2018,2018-05-14,Holkar Cricket Stadium,Kings XI Punjab,Royal Challengers Bangalore,Royal Challengers Bangalore,,10,
1136609,2018,2018-05-15,Eden Gardens,Rajasthan Royals,Kolkata Knight Riders,Kolkata Knight Riders,,6,
1136610,2018,2018-05-16,Wankhede Stadium,Mumbai Indians,Kings XI Punjab,Mumbai Indians,3,,
1136611,2018,2018-05-17,M.Chinnaswamy Stadium,Royal Challengers Bangalore,Sunrisers Hyderabad,Royal Challengers Bangalore,14,,
1136612,2018,2018-05-18,Arun Jaitley Stadium,Delhi Daredevils,Chennai Super Kings,Delhi Daredevils,34,,
1136613,2018,2018-05-19,Sawai Mansingh Stadium,Rajasthan Royals,Royal Challengers Bangalore,Rajasthan Royals,30,,
1136614,2018,2018-05-19,Rajiv Gandhi International Stadium,Sunrisers Hyderabad,Kolkata Knight Riders,Kolkata Knight Riders,,5,
1136615,2018,2018-05-20,Arun Jaitley Stadium,Delhi Daredevils,Mumbai Indians,Delhi Daredevils,11,,
1136616,2018,2018-05-20,Maharashtra Cricket Association Stadium,Kings XI Punjab,Chennai Super Kings,Chennai Super Kings,,5,
1136617,2018,2018-05-22,Wankhede Stadium,Sunrisers Hyderabad,Chennai Super Kings,Chennai Super Kings,,2,
1136618,2018,2018-05-23,Eden Gardens,Kolkata Knight Riders,Rajasthan Royals,Kolkata Knight Riders,25,,
1136619,2018,2018-05-25,Eden Gardens,Sunrisers Hyderabad,Kolkata Knight Riders,Sunrisers Hyderabad,14,,
1136620,2018,2018-05-27,Wankhede Stadium,Sunrisers Hyderabad,Chennai Super Kings,Chennai Super Kings,,8,
1175356,2019,2019-03-23,MA Chidambaram Stadium,Royal Challengers Bangalore,Chennai Super Kings,Chennai Super Kings,,7,
1175357,2019,2019-03-24,Eden Gardens,Sunrisers Hyderabad,Kolkata Knight Riders,Kolkata Knight Riders,,6,
1175358,2019,2019-03-24,Wankhede Stadium,Delhi Capitals,Mumbai Indians,Delhi Capitals,37,,
1175359,2019,2019-03-25,Sawai Mansingh Stadium,Kings XI Punjab,Rajasthan Royals,Kings XI Punjab,14,,
1175360,2019,2019-03-26,Arun Jaitley Stadium,Delhi Capitals,Chennai Super Kings,Chennai Super Kings,,6,
1175361,2019,2019-03-27,Eden Gardens,Kolkata Knight Riders,Kings XI Punjab,Kolkata Knight Riders,28,,
1175362,2019,2019-03-28,M.Chinnaswamy Stadium,Mumbai Indians,Royal Challengers Bangalore,Mumbai Indians,6,,
1175363,2019,2019-03-29,Rajiv Gandhi International Stadium,Rajasthan Royals,Sunrisers Hyderabad,Sunrisers Hyderabad,,5,
1175364,2019,2019-03-30,Punjab Cricket Association IS Bindra Stadium,Mumbai Indians,Kings XI Punjab,Kings XI Punjab,,8,
1175365,2019,2019-03-30,Arun Jaitley Stadium,Kolkata Knight Riders,Delhi Capitals,,,,
1175366,2019,2019-03-31,Rajiv Gandhi International Stadium,Sunrisers Hyderabad,Royal Challengers Bangalore,Sunrisers Hyderabad,118,,
1175367,2019,2019-03-31,MA Chidambaram Stadium,Chennai Super Kings,Rajasthan Royals,Chennai Super Kings,8,,
1175368,2019,2019-04-01,Punjab Cricket Association IS Bindra Stadium,Kings XI Punjab,Delhi Capitals,Kings XI Punjab,14,,
1175369,2019,2019-04-02,Sawai Mansingh Stadium,Royal Challengers Bangalore,Rajasthan Royals,Rajasthan Royals,,7,
1175370,2019,2019-04-03,Wankhede Stadium,Mumbai Indians,Chennai Super Kings,Mumbai Indians,37,,
1175371,2019,2019-04-04,Arun Jaitley Stadium,Delhi Capitals,Sunrisers Hyderabad,Sunrisers Hyderabad,,5,
1175372,2019,2019-04-05,M.Chinnaswamy Stadium,Royal Challengers Bangalore,Kolkata Knight Riders,Kolkata Knight Riders,,5,
1178393,2019,2019-04-06,MA Chidambaram Stadium,Chennai Super Kings,Kings XI Punjab,Chennai Super Kings,22,,
1178394,2019,2019-04-06,Rajiv Gandhi International Stadium,Mumbai Indians,Sunrisers Hyderabad,Mumbai Indians,40,,
1178395,2019,2019-04-07,M.Chinnaswamy Stadium,Royal Challengers Bangalore,Delhi Capitals,Delhi Capitals,,4,
1178396,2019,2019-04-07,Sawai Mansingh Stadium,Rajasthan Royals,Kolkata Knight Riders,Kolkata Knight Riders,,8,
1178397,2019,2019-04-08,Punjab Cricket Association IS Bindra Stadium,Sunrisers Hyderabad,Kings XI Punjab,Kings XI Punjab,,6,
1178398,2019,2019-04-09,MA Chidambaram Stadium,Kolkata Knight Riders,Chennai Super Kings,Chennai Super Kings,,7,
1178399,2019,2019-04-10,Wankhede Stadium,Kings XI Punjab,Mumbai Indians,Mumbai Indians,,3,
1178400,2019,2019-04-11,Sawai Mansingh Stadium,Rajasthan Royals,Chennai Super Kings,Chennai Super Kings,,4,
1178401,2019,2019-04-12,Eden Gardens,Kolkata Knight Riders,Delhi Capitals,Delhi Capitals,,7,
1178402,2019,2019-04-13,Wankhede Stadium,Mumbai Indians,Rajasthan Royals,Rajasthan Royals,,4,
1178403,2019,2019-04-13,Punjab Cricket Association IS Bindra Stadium,Kings XI Punjab,Royal Challengers Bangalore,Royal Challengers Bangalore,,8,
1178404,2019,2019-04-14,Eden Gardens,Kolkata Knight Riders,Chennai Super Kings,Chennai Super Kings,,5,
1178405,2019,2019-04-14,Rajiv Gandhi International Stadium,Delhi Capitals,Sunrisers Hyderabad,Delhi Capitals,39,,
1178406,2019,2019-04-15,Wankhede Stadium,Royal Challengers Bangalore,Mumbai Indians,Mumbai Indians,,5,
1178407,2019,2019-04-16,Punjab Cricket Association IS Bindra Stadium,Kings XI Punjab,Rajasthan Royals,Kings XI Punjab,12,,
1178408,2019,2019-04-17,Rajiv Gandhi International Stadium,Chennai Super Kings,Sunrisers Hyderabad,Sunrisers Hyderabad,,6,
1178409,2019,2019-04-18,Arun Jaitley Stadium,Mumbai Indians,Delhi Capitals,Mumbai Indians,40,,
1178410,2019,2019-04-19,Eden Gardens,Royal Challengers Bangalore,Kolkata Knight Riders,Royal Challengers Bangalore,10,,
1178411,2019,2019-04-20,Sawai Mansingh Stadium,Mumbai Indians,Rajasthan Royals,Rajasthan Royals,,5,
1178412,2019,2019-04-20,Arun Jaitley Stadium,Kings XI Punjab,Delhi Capitals,Delhi Capitals,,5,
1178413,2019,2019-04-21,Rajiv Gandhi International Stadium,Kolkata Knight Riders,Sunrisers Hyderabad,Sunrisers Hyderabad,,9,
1178414,2019,2019-04-21,M.Chinnaswamy Stadium,Royal Challengers Bangalore,Chennai Super Kings,Royal Challengers Bangalore,1,,
1178415,2019,2019-04-22,Sawai Mansingh Stadium,Rajasthan Royals,Delhi Capitals,Delhi Capitals,,6,
1178416,2019,2019-04-23,MA Chidambaram Stadium,Sunrisers Hyderabad,Chennai Super Kings,Chennai Super Kings,,6,
1178417,2019,2019-04-24,M.Chinnaswamy Stadium,Royal Challengers Bangalore,Kings XI Punjab,Royal Challengers Bangalore,17,,
1178418,2019,2019-04-25,Eden Gardens,Kolkata Knight Riders,Rajasthan Royals,Rajasthan Royals,,3,
1178419,2019,2019-04-26,MA Chidambaram Stadium,Mumbai Indians,Chennai Super Kings,Mumbai Indians,46,,
1178420,2019,2019-04-27,Sawai Mansingh Stadium,Sunrisers Hyderabad,Rajasthan Royals,Rajasthan Royals,,7,
1178421,2019,2019-04-28,Arun Jaitley Stadium,Delhi Capitals,Royal Challengers Bangalore,Delhi Capitals,16,,
1178422,2019,2019-04-28,Eden Gardens,Kolkata Knight Riders,Mumbai Indians,Kolkata Knight Riders,34,,
1178423,2019,2019-04-29,Rajiv Gandhi International Stadium,Sunrisers Hyderabad,Kings XI Punjab,Sunrisers Hyderabad,45,,
1178424,2019,2019-04-30,M.Chinnaswamy Stadium,Royal Challengers Bangalore,Rajasthan Royals,,,,
1178425,2019,2019-05-01,MA Chidambaram Stadium,Chennai Super Kings,Delhi Capitals,Chennai Super Kings,80,,
1178426,2019,2019-05-02,Wankhede Stadium,Mumbai Indians,Sunrisers Hyderabad,,,,
1178427,2019,2019-05-03,Punjab Cricket Association IS Bindra Stadium,Kings XI Punjab,Kolkata Knight Riders,Kolkata Knight Riders,,7,
1178428,2019,2019-05-04,Arun Jaitley Stadium,Rajasthan Royals,Delhi Capitals,Delhi Capitals,,5,
1178429,2019,2019-05-04,M.Chinnaswamy Stadium,Sunrisers Hyderabad,Royal Challengers Bangalore,Royal Challengers Bangalore,,4,
1178430,2019,2019-05-05,Punjab Cricket Association IS Bindra Stadium,Chennai Super Kings,Kings XI Punjab,Kings XI Punjab,,6,
1178431,2019,2019-05-05,Wankhede Stadium,Kolkata Knight Riders,Mumbai Indians,Mumbai Indians,,9,
1181764,2019,2019-05-07,MA Chidambaram Stadium,Chennai Super Kings,Mumbai Indians,Mumbai Indians,,6,
1181766,2019,2019-05-08,Dr. Y.S. Rajasekhara Reddy ACA-VDCA Cricket Stadium,Sunrisers Hyderabad,Delhi Capitals,Delhi Capitals,,2,
1181767,2019,2019-05-10,Dr. Y.S. Rajasekhara Reddy ACA-VDCA Cricket Stadium,Delhi Capitals,Chennai Super Kings,Chennai Super Kings,,6,
1181768,2019,2019-05-12,Rajiv Gandhi International Stadium,Mumbai Indians,Chennai Super Kings,Mumbai Indians,1,,
1216492,2020/21,2020-09-19,Sheikh Zayed Stadium,Mumbai Indians,Chennai Super Kings,Chennai Super Kings,,5,
1216493,2020/21,2020-09-20,Dubai International Cricket Stadium,Delhi Capitals,Kings XI Punjab,,,,
1216494,2020/21,2020-10-21,Sheikh Zayed Stadium,Kolkata Knight Riders,Royal Challengers Bangalore,Royal Challengers Bangalore,,8,
1216495,2020/21,2020-11-03,Sharjah Cricket Stadium,Mumbai Indians,Sunrisers Hyderabad,Sunrisers Hyderabad,,10,
1216496,2020/21,2020-09-22,Sharjah Cricket Stadium,Rajasthan Royals,Chennai Super Kings,Rajasthan Royals,16,,
1216497,2020/21,2020-10-24,Sheikh Zayed Stadium,Kolkata Knight Riders,Delhi Capitals,Kolkata Knight Riders,59,,
1216498,2020/21,2020-10-24,Dubai International Cricket Stadium,Kings XI Punjab,Sunrisers Hyderabad,Kings XI Punjab,12,,
1216499,2020/21,2020-10-28,Sheikh Zayed Stadium,Royal Challengers Bangalore,Mumbai Indians,Mumbai Indians,,5,
1216500,2020/21,2020-10-09,Sharjah Cricket Stadium,Delhi Capitals,Rajasthan Royals,Delhi Capitals,46,,
1216501,2020/21,2020-10-07,Sheikh Zayed Stadium,Kolkata Knight Riders,Chennai Super Kings,Kolkata Knight Riders,10,,
1216502,2020/21,2020-10-31,Sharjah Cricket Stadium,Royal Challengers Bangalore,Sunrisers Hyderabad,Sunrisers Hyderabad,,5,
1216503,2020/21,2020-10-01,Sheikh Zayed Stadium,Mumbai Indians,Kings XI Punjab,Mumbai Indians,48,,
1216504,2020/21,2020-09-30,Dubai International Cricket Stadium,Kolkata Knight Riders,Rajasthan Royals,Kolkata Knight Riders,37,,
1216505,2020/21,2020-11-02,Sheikh Zayed Stadium,Royal Challengers Bangalore,Delhi Capitals,Delhi Capitals,,6,
1216506,2020/21,2020-11-01,Sheikh Zayed Stadium,Kings XI Punjab,Chennai Super Kings,Chennai Super Kings,,9,
1216507,2020/21,2020-10-11,Dubai International Cricket Stadium,Sunrisers Hyderabad,Rajasthan Royals,Rajasthan Royals,,5,
1216508,2020/21,2020-09-23,Sheikh Zayed Stadium,Mumbai Indians,Kolkata Knight Riders,Mumbai Indians,49,,
1216509,2020/21,2020-10-17,Sharjah Cricket Stadium,Chennai Super Kings,Delhi Capitals,Delhi Capitals,,5,
1216510,2020/21,2020-09-24,Dubai International Cricket Stadium,Kings XI Punjab,Royal Challengers Bangalore,Kings XI Punjab,97,,
1216511,2020/21,2020-10-06,Sheikh Zayed Stadium,Mumbai Indians,Rajasthan Royals,Mumbai Indians,57,,
1216512,2020/21,2020-10-18,Sheikh Zayed Stadium,Kolkata Knight Riders,Sunrisers Hyderabad,,,,
1216513,2020/21,2020-10-04,Dubai International Cricket Stadium,Kings XI Punjab,Chennai Super Kings,Chennai Super Kings,,10,
1216514,2020/21,2020-10-03,Sheikh Zayed Stadium,Rajasthan Royals,Royal Challengers Bangalore,Royal Challengers Bangalore,,8,
1216515,2020/21,2020-10-03,Sharjah Cricket Stadium,Delhi Capitals,Kolkata Knight Riders,Delhi Capitals,18,,
1216516,2020/21,2020-10-02,Dubai International Cricket Stadium,Sunrisers Hyderabad,Chennai Super Kings,Sunrisers Hyderabad,7,,
1216517,2020/21,2020-10-18,Dubai International Cricket Stadium,Mumbai Indians,Kings XI Punjab,,,,
1216518,2020/21,2020-10-22,Dubai International Cricket Stadium,Rajasthan Royals,Sunrisers Hyderabad,Sunrisers Hyderabad,,8,
1216519,2020/21,2020-10-05,Dubai International Cricket Stadium,Delhi Capitals,Royal Challengers Bangalore,Delhi Capitals,59,,
1216520,2020/21,2020-10-26,Sharjah Cricket Stadium,Kolkata Knight Riders,Kings XI Punjab,Kings XI Punjab,,8,
1216521,2020/21,2020-10-23,Sharjah Cricket Stadium,Chennai Super Kings,Mumbai Indians,Mumbai Indians,,10,
1216522,2020/21,2020-10-17,Dubai International Cricket Stadium,Rajasthan Royals,Royal Challengers Bangalore,Royal Challengers Bangalore,,7,
1216523,2020/21,2020-10-10,Sheikh Zayed Stadium,Kolkata Knight Riders,Kings XI Punjab,Kolkata Knight Riders,2,,
1216524,2020/21,2020-10-27,Dubai International Cricket Stadium,Sunrisers Hyderabad,Delhi Capitals,Sunrisers Hyderabad,88,,
1216525,2020/21,2020-10-10,Dubai International Cricket Stadium,Royal Challengers Bangalore,Chennai Super Kings,Royal Challengers Bangalore,37,,
1216526,2020/21,2020-10-16,Sheikh Zayed Stadium,Kolkata Knight Riders,Mumbai Indians,Mumbai Indians,,8,
1216527,2020/21,2020-09-27,Sharjah Cricket Stadium,Kings XI Punjab,Rajasthan Royals,Rajasthan Royals,,4,
1216528,2020/21,2020-10-13,Dubai International Cricket Stadium,Chennai Super Kings,Sunrisers Hyderabad,Chennai Super Kings,20,,
1216529,2020/21,2020-10-11,Sheikh Zayed Stadium,Delhi Capitals,Mumbai Indians,Mumbai Indians,,5,
1216530,2020/21,2020-11-01,Dubai International Cricket Stadium,Kolkata Knight Riders,Rajasthan Royals,Kolkata Knight Riders,60,,
1216531,2020/21,2020-10-15,Sharjah Cricket Stadium,Royal Challengers Bangalore,Kings XI Punjab,Kings XI Punjab,,8,
1216532,2020/21,2020-09-29,Sheikh Zayed Stadium,Sunrisers Hyderabad,Delhi Capitals,Sunrisers Hyderabad,15,,
1216533,2020/21,2020-10-19,Sheikh Zayed Stadium,Chennai Super Kings,Rajasthan Royals,Rajasthan Royals,,7,
1216534,2020/21,2020-09-21,Dubai International Cricket Stadium,Royal Challengers Bangalore,Sunrisers Hyderabad,Royal Challengers Bangalore,10,,
1216535,2020/21,2020-10-31,Dubai International Cricket Stadium,Delhi Capitals,Mumbai Indians,Mumbai Indians,,9,
1216536,2020/21,2020-10-29,Dubai International Cricket Stadium,Kolkata Knight Riders,Chennai Super Kings,Chennai Super Kings,,6,
1216537,2020/21,2020-10-30,Sheikh Zayed Stadium,Kings XI Punjab,Rajasthan Royals,Rajasthan Royals,,7,
1216538,2020/21,2020-10-04,Sharjah Cricket Stadium,Mumbai Indians,Sunrisers Hyderabad,Mumbai Indians,34,,
1216539,2020/21,2020-09-25,Dubai International Cricket Stadium,Delhi Capitals,Chennai Super Kings,Delhi Capitals,44,,
1216540,2020/21,2020-10-12,Sharjah Cricket Stadium,Royal Challengers Bangalore,Kolkata Knight Riders,Royal Challengers Bangalore,82,,
1216541,2020/21,2020-10-25,Sheikh Zayed Stadium,Mumbai Indians,Rajasthan Royals,Rajasthan Royals,,8,
1216542,2020/21,2020-10-08,Dubai International Cricket Stadium,Sunrisers Hyderabad,Kings XI Punjab,Sunrisers Hyderabad,69,,
1216543,2020/21,2020-10-14,Dubai International Cricket Stadium,Delhi Capitals,Rajasthan Royals,Delhi Capitals,13,,
1216544,2020/21,2020-10-25,Dubai International Cricket Stadium,Royal Challengers Bangalore,Chennai Super Kings,Chennai Super Kings,,8,
1216545,2020/21,2020-09-26,Sheikh Zayed Stadium,Sunrisers Hyderabad,Kolkata Knight Riders,Kolkata Knight Riders,,7,
1216546,2020/21,2020-10-20,Dubai International Cricket Stadium,Delhi Capitals,Kings XI Punjab,Kings XI Punjab,,5,
1216547,2020/21,2020-09-28,Dubai International Cricket Stadium,Royal Challengers Bangalore,Mumbai Indians,,,,
1237177,2020/21,2020-11-05,Dubai International Cricket Stadium,Mumbai Indians,Delhi Capitals,Mumbai Indians,57,,
1237178,2020/21,2020-11-06,Sheikh Zayed Stadium,Royal Challengers Bangalore,Sunrisers Hyderabad,Sunrisers Hyderabad,,6,
1237180,2020/21,2020-11-08,Sheikh Zayed Stadium,Delhi Capitals,Sunrisers Hyderabad,Delhi Capitals,17,,
1237181,2020/21,2020-11-10,Dubai International Cricket Stadium,Delhi Capitals,Mumbai Indians,Mumbai Indians,,5,
1254058,2021,2021-04-09,"MA Chidambaram Stadium, Chepauk, Chennai",Mumbai Indians,Royal Challengers Bangalore,Royal Challengers Bangalore,,2,
1254059,2021,2021-04-10,"Wankhede Stadium, Mumbai",Chennai Super Kings,Delhi Capitals,Delhi Capitals,,7,
1254060,2021,2021-04-11,"MA Chidambaram Stadium, Chepauk, Chennai",Kolkata Knight Riders,Sunrisers Hyderabad,Kolkata Knight Riders,10,,
1254061,2021,2021-04-12,"Wankhede Stadium, Mumbai",Punjab Kings,Rajasthan Royals,Punjab Kings,4,,
1254062,2021,2021-04-13,"MA Chidambaram Stadium, Chepauk, Chennai",Mumbai Indians,Kolkata Knight Riders,Mumbai Indians,10,,
1254063,2021,2021-04-14,"MA Chidambaram Stadium, Chepauk, Chennai",Royal Challengers Bangalore,Sunrisers Hyderabad,Royal Challengers Bangalore,6,,
1254064,2021,2021-04-15,"Wankhede Stadium, Mumbai",Delhi Capitals,Rajasthan Royals,Rajasthan Royals,,3,
1254065,2021,2021-04-16,"Wankhede Stadium, Mumbai",Punjab Kings,Chennai Super Kings,Chennai Super Kings,,6,
1254066,2021,2021-04-17,"MA Chidambaram Stadium, Chepauk, Chennai",Mumbai Indians,Sunrisers Hyderabad,Mumbai Indians,13,,
1254067,2021,2021-04-18,"MA Chidambaram Stadium, Chepauk, Chennai",Royal Challengers Bangalore,Kolkata Knight Riders,Royal Challengers Bangalore,38,,
1254068,2021,2021-04-18,"Wankhede Stadium, Mumbai",Punjab Kings,Delhi Capitals,Delhi Capitals,,6,
1254069,2021,2021-04-19,"Wankhede Stadium, Mumbai",Chennai Super Kings,Rajasthan Royals,Chennai Super Kings,45,,
1254070,2021,2021-04-20,"MA Chidambaram Stadium, Chepauk, Chennai",Mumbai Indians,Delhi Capitals,Delhi Capitals,,6,
1254071,2021,2021-04-21,"MA Chidambaram Stadium, Chepauk, Chennai",Punjab Kings,Sunrisers Hyderabad,Sunrisers Hyderabad,,9,
1254072,2021,2021-04-21,"Wankhede Stadium, Mumbai",Chennai Super Kings,Kolkata Knight Riders,Chennai Super Kings,18,,
1254073,2021,2021-04-22,"Wankhede Stadium, Mumbai",Rajasthan Royals,Royal Challengers Bangalore,Royal Challengers Bangalore,,10,
1254074,2021,2021-04-23,"MA Chidambaram Stadium, Chepauk, Chennai",Mumbai Indians,Punjab Kings,Punjab Kings,,9,
1254075,2021,2021-04-24,"Wankhede Stadium, Mumbai",Kolkata Knight Riders,Rajasthan Royals,Rajasthan Royals,,6,
1254076,2021,2021-04-25,"Wankhede Stadium, Mumbai",Chennai Super Kings,Royal Challengers Bangalore,Chennai Super Kings,69,,
1254077,2021,2021-04-25,"MA Chidambaram Stadium, Chepauk, Chennai",Delhi Capitals,Sunrisers Hyderabad,,,,
1254078,2021,2021-04-26,"Narendra Modi Stadium, Ahmedabad",Punjab Kings,Kolkata Knight Riders,Kolkata Knight Riders,,5,
1254079,2021,2021-04-27,"Narendra Modi Stadium, Ahmedabad",Royal Challengers Bangalore,Delhi Capitals,Royal Challengers Bangalore,1,,
1254080,2021,2021-04-28,"Arun Jaitley Stadium, Delhi",Sunrisers Hyderabad,Chennai Super Kings,Chennai Super Kings,,7,
1254081,2021,2021-04-29,"Arun Jaitley Stadium, Delhi",Rajasthan Royals,Mumbai Indians,Mumbai Indians,,7,
1254082,2021,2021-04-29,"Narendra Modi Stadium, Ahmedabad",Kolkata Knight Riders,Delhi Capitals,Delhi Capitals,,7,
1254083,2021,2021-04-30,"Narendra Modi Stadium, Ahmedabad",Punjab Kings,Royal Challengers Bangalore,Punjab Kings,34,,
1254084,2021,2021-05-01,"Arun Jaitley Stadium, Delhi",Chennai Super Kings,Mumbai Indians,Mumbai Indians,,4,
1254085,2021,2021-05-02,"Arun Jaitley Stadium, Delhi",Rajasthan Royals,Sunrisers Hyderabad,Rajasthan Royals,55,,
1254086,2021,2021-05-02,"Narendra Modi Stadium, Ahmedabad",Punjab Kings,Delhi Capitals,Delhi Capitals,,7,
1254087,2021,2021-09-20,"Zayed Cricket Stadium, Abu Dhabi",Royal Challengers Bangalore,Kolkata Knight Riders,Kolkata Knight Riders,,9,
1254088,2021,2021-10-08,"Zayed Cricket Stadium, Abu Dhabi",Mumbai Indians,Sunrisers Hyderabad,Mumbai Indians,42,,
1254089,2021,2021-10-02,"Zayed Cricket Stadium, Abu Dhabi",Chennai Super Kings,Rajasthan Royals,Rajasthan Royals,,7,
1254090,2021,2021-10-03,Sharjah Cricket Stadium,Royal Challengers Bangalore,Punjab Kings,Royal Challengers Bangalore,6,,
1254091,2021,2021-09-30,Sharjah Cricket Stadium,Sunrisers Hyderabad,Chennai Super Kings,Chennai Super Kings,,6,
1254092,2021,2021-09-28,Sharjah Cricket Stadium,Delhi Capitals,Kolkata Knight Riders,Kolkata Knight Riders,,3,
1254093,2021,2021-10-05,Sharjah Cricket Stadium,Rajasthan Royals,Mumbai Indians,Mumbai Indians,,8,
1254094,2021,2021-10-07,Dubai International Cricket Stadium,Chennai Super Kings,Punjab Kings,Punjab Kings,,6,
1254095,2021,2021-10-06,"Zayed Cricket Stadium, Abu Dhabi",Sunrisers Hyderabad,Royal Challengers Bangalore,Sunrisers Hyderabad,4,,
1254096,2021,2021-09-23,"Zayed Cricket Stadium, Abu Dhabi",Mumbai Indians,Kolkata Knight Riders,Kolkata Knight Riders,,7,
1254097,2021,2021-09-25,"Zayed Cricket Stadium, Abu Dhabi",Delhi Capitals,Rajasthan Royals,Delhi Capitals,33,,
1254098,2021,2021-09-26,"Zayed Cricket Stadium, Abu Dhabi",Kolkata Knight Riders,Chennai Super Kings,Chennai Super Kings,,2,
1254099,2021,2021-09-28,"Zayed Cricket Stadium, Abu Dhabi",Punjab Kings,Mumbai Indians,Mumbai Indians,,6,
1254100,2021,2021-09-27,Dubai International Cricket Stadium,Rajasthan Royals,Sunrisers Hyderabad,Sunrisers Hyderabad,,7,
1254101,2021,2021-10-08,Dubai International Cricket Stadium,Delhi Capitals,Royal Challengers Bangalore,Royal Challengers Bangalore,,7,
1254102,2021,2021-10-01,Dubai International Cricket Stadium,Kolkata Knight Riders,Punjab Kings,Punjab Kings,,5,
1254103,2021,2021-09-29,Dubai International Cricket Stadium,Rajasthan Royals,Royal Challengers Bangalore,Royal Challengers Bangalore,,7,
1254104,2021,2021-09-19,Dubai International Cricket Stadium,Chennai Super Kings,Mumbai Indians,Chennai Super Kings,20,,
1254105,2021,2021-09-22,Dubai International Cricket Stadium,Sunrisers Hyderabad,Delhi Capitals,Delhi Capitals,,8,
1254106,2021,2021-10-07,Sharjah Cricket Stadium,Kolkata Knight Riders,Rajasthan Royals,Kolkata Knight Riders,86,,
1254107,2021,2021-09-25,Sharjah Cricket Stadium,Punjab Kings,Sunrisers Hyderabad,Punjab Kings,5,,
1254108,2021,2021-09-26,Dubai International Cricket Stadium,Royal Challengers Bangalore,Mumbai Indians,Royal Challengers Bangalore,54,,
1254109,2021,2021-10-03,Dubai International Cricket Stadium,Sunrisers Hyderabad,Kolkata Knight Riders,Kolkata Knight Riders,,6,
1254110,2021,2021-10-04,Dubai International Cricket Stadium,Chennai Super Kings,Delhi Capitals,Delhi Capitals,,3,
1254111,2021,2021-09-21,Dubai International Cricket Stadium,Rajasthan Royals,Punjab Kings,Rajasthan Royals,2,,
1254112,2021,2021-10-02,Sharjah Cricket Stadium,Mumbai Indians,Delhi Capitals,Delhi Capitals,,4,
1254113,2021,2021-09-24,Sharjah Cricket Stadium,Royal Challengers Bangalore,Chennai Super Kings,Chennai Super Kings,,6,
1254114,2021,2021-10-10,Dubai International Cricket Stadium,Delhi Capitals,Chennai Super Kings,Chennai Super Kings,,4,
1254115,2021,2021-10-11,Sharjah Cricket Stadium,Royal Challengers Bangalore,Kolkata Knight Riders,Kolkata Knight Riders,,4,
1254116,2021,2021-10-13,Sharjah Cricket Stadium,Delhi Capitals,Kolkata Knight Riders,Kolkata Knight Riders,,3,
1254117,2021,2021-10-15,Dubai International Cricket Stadium,Chennai Super Kings,Kolkata Knight Riders,Chennai Super Kings,27,,
1304047,2022,2022-03-26,"Wankhede Stadium, Mumbai",Chennai Super Kings,Kolkata Knight Riders,Kolkata Knight Riders,,6,
1304048,2022,2022-03-27,"Brabourne Stadium, Mumbai",Mumbai Indians,Delhi Capitals,Delhi Capitals,,4,
1304049,2022,2022-03-27,"Dr DY Patil Sports Academy, Mumbai",Royal Challengers Bangalore,Punjab Kings,Punjab Kings,,5,
1304050,2022,2022-03-28,"Wankhede Stadium, Mumbai",Lucknow Super Giants,Gujarat Titans,Gujarat Titans,,5,
1304051,2022,2022-03-29,"Maharashtra Cricket Association Stadium, Pune",Rajasthan Royals,Sunrisers Hyderabad,Rajasthan Royals,61,,
1304052,2022,2022-03-30,"Dr DY Patil Sports Academy, Mumbai",Kolkata Knight Riders,Royal Challengers Bangalore,Royal Challengers Bangalore,,3,
1304053,2022,2022-03-31,"Brabourne Stadium, Mumbai",Chennai Super Kings,Lucknow Super Giants,Lucknow Super Giants,,6,
1304054,2022,2022-04-01,"Wankhede Stadium, Mumbai",Punjab Kings,Kolkata Knight Riders,Kolkata Knight Riders,,6,
1304055,2022,2022-04-02,"Dr DY Patil Sports Academy, Mumbai",Rajasthan Royals,Mumbai Indians,Rajasthan Royals,23,,
1304056,2022,2022-04-02,"Maharashtra Cricket Association Stadium, Pune",Gujarat Titans,Delhi Capitals,Gujarat Titans,14,,
1304057,2022,2022-04-03,"Brabourne Stadium, Mumbai",Punjab Kings,Chennai Super Kings,Punjab Kings,54,,
1304058,2022,2022-04-04,"Dr DY Patil Sports Academy, Mumbai",Lucknow Super Giants,Sunrisers Hyderabad,Lucknow Super Giants,12,,
1304059,2022,2022-04-05,"Wankhede Stadium, Mumbai",Rajasthan Royals,Royal Challengers Bangalore,Royal Challengers Bangalore,,4,
1304060,2022,2022-04-06,"Maharashtra Cricket Association Stadium, Pune",Mumbai Indians,Kolkata Knight Riders,Kolkata Knight Riders,,5,
1304061,2022,2022-04-07,"Dr DY Patil Sports Academy, Mumbai",Delhi Capitals,Lucknow Super Giants,Lucknow Super Giants,,6,
1304062,2022,2022-04-08,"Brabourne Stadium, Mumbai",Punjab Kings,Gujarat Titans,Gujarat Titans,,6,
1304063,2022,2022-04-09,"Dr DY Patil Sports Academy, Mumbai",Chennai Super Kings,Sunrisers Hyderabad,Sunrisers Hyderabad,,8,
1304064,2022,2022-04-09,"Maharashtra Cricket Association Stadium, Pune",Mumbai Indians,Royal Challengers Bangalore,Royal Challengers Bangalore,,7,
1304065,2022,2022-04-10,"Brabourne Stadium, Mumbai",Delhi Capitals,Kolkata Knight Riders,Delhi Capitals,44,,
1304066,2022,2022-04-10,"Wankhede Stadium, Mumbai",Rajasthan Royals,Lucknow Super Giants,Rajasthan Royals,3,,
1304067,2022,2022-04-11,"Dr DY Patil Sports Academy, Mumbai",Gujarat Titans,Sunrisers Hyderabad,Sunrisers Hyderabad,,8,
1304068,2022,2022-04-12,"Dr DY Patil Sports Academy, Mumbai",Chennai Super Kings,Royal Challengers Bangalore,Chennai Super Kings,23,,
1304069,2022,2022-04-13,"Maharashtra Cricket Association Stadium, Pune",Punjab Kings,Mumbai Indians,Punjab Kings,12,,
1304070,2022,2022-04-14,"Dr DY Patil Sports Academy, Mumbai",Gujarat Titans,Rajasthan Royals,Gujarat Titans,37,,
1304071,2022,2022-04-15,"Brabourne Stadium, Mumbai",Kolkata Knight Riders,Sunrisers Hyderabad,Sunrisers Hyderabad,,7,
1304072,2022,2022-04-16,"Brabourne Stadium, Mumbai",Lucknow Super Giants,Mumbai Indians,Lucknow Super Giants,18,,
1304073,2022,2022-04-16,"Wankhede Stadium, Mumbai",Royal Challengers Bangalore,Delhi Capitals,Royal Challengers Bangalore,16,,
1304074,2022,2022-04-17,"Dr DY Patil Sports Academy, Mumbai",Punjab Kings,Sunrisers Hyderabad,Sunrisers Hyderabad,,7,
1304075,2022,2022-04-17,"Maharashtra Cricket Association Stadium, Pune",Chennai Super Kings,Gujarat Titans,Gujarat Titans,,3,
1304076,2022,2022-04-18,"Brabourne Stadium, Mumbai",Rajasthan Royals,Kolkata Knight Riders,Rajasthan Royals,7,,
1304077,2022,2022-04-19,"Dr DY Patil Sports Academy, Mumbai",Royal Challengers Bangalore,Lucknow Super Giants,Royal Challengers Bangalore,18,,
1304078,2022,2022-04-20,"Brabourne Stadium, Mumbai",Punjab Kings,Delhi Capitals,Delhi Capitals,,9,
1304079,2022,2022-04-21,"Dr DY Patil Sports Academy, Mumbai",Mumbai Indians,Chennai Super Kings,Chennai Super Kings,,3,
1304080,2022,2022-04-22,"Wankhede Stadium, Mumbai",Rajasthan Royals,Delhi Capitals,Rajasthan Royals,15,,
1304081,2022,2022-04-23,"Dr DY Patil Sports Academy, Mumbai",Gujarat Titans,Kolkata Knight Riders,Gujarat Titans,8,,
1304082,2022,2022-04-23,"Brabourne Stadium, Mumbai",Royal Challengers Bangalore,Sunrisers Hyderabad,Sunrisers Hyderabad,,9,
1304083,2022,2022-04-24,"Wankhede Stadium, Mumbai",Lucknow Super Giants,Mumbai Indians,Lucknow Super Giants,36,,
1304084,2022,2022-04-25,"Wankhede Stadium, Mumbai",Punjab Kings,Chennai Super Kings,Punjab Kings,11,,
1304085,2022,2022-04-26,"Maharashtra Cricket Association Stadium, Pune",Rajasthan Royals,Royal Challengers Bangalore,Rajasthan Royals,29,,
1304086,2022,2022-04-27,"Wankhede Stadium, Mumbai",Sunrisers Hyderabad,Gujarat Titans,Gujarat Titans,,5,
1304087,2022,2022-04-28,"Wankhede Stadium, Mumbai",Kolkata Knight Riders,Delhi Capitals,Delhi Capitals,,4,
1304088,2022,2022-04-29,"Maharashtra Cricket Association Stadium, Pune",Lucknow Super Giants,Punjab Kings,Lucknow Super Giants,20,,
1304089,2022,2022-04-30,"Brabourne Stadium, Mumbai",Royal Challengers Bangalore,Gujarat Titans,Gujarat Titans,,6,
1304090,2022,2022-04-30,"Dr DY Patil Sports Academy, Mumbai",Rajasthan Royals,Mumbai Indians,Mumbai Indians,,5,
1304091,2022,2022-05-01,"Wankhede Stadium, Mumbai",Lucknow Super Giants,Delhi Capitals,Lucknow Super Giants,6,,
1304092,2022,2022-05-01,"Maharashtra Cricket Association Stadium, Pune",Chennai Super Kings,Sunrisers Hyderabad,Chennai Super Kings,13,,
1304093,2022,2022-05-02,"Wankhede Stadium, Mumbai",Rajasthan Royals,Kolkata Knight Riders,Kolkata Knight Riders,,7,
1304094,2022,2022-05-03,"Dr DY Patil Sports Academy, Mumbai",Gujarat Titans,Punjab Kings,Punjab Kings,,8,
1304095,2022,2022-05-04,"Maharashtra Cricket Association Stadium, Pune",Royal Challengers Bangalore,Chennai Super Kings,Royal Challengers Bangalore,13,,
1304096,2022,2022-05-05,"Brabourne Stadium, Mumbai",Delhi Capitals,Sunrisers Hyderabad,Delhi Capitals,21,,
1304097,2022,2022-05-06,"Brabourne Stadium, Mumbai",Mumbai Indians,Gujarat Titans,Mumbai Indians,5,,
1304098,2022,2022-05-07,"Wankhede Stadium, Mumbai",Punjab Kings,Rajasthan Royals,Rajasthan Royals,,6,
1304099,2022,2022-05-07,"Maharashtra Cricket Association Stadium, Pune",Lucknow Super Giants,Kolkata Knight Riders,Lucknow Super Giants,75,,
1304100,2022,2022-05-08,"Wankhede Stadium, Mumbai",Royal Challengers Bangalore,Sunrisers Hyderabad,Royal Challengers Bangalore,67,,
1304101,2022,2022-05-08,"Dr DY Patil Sports Academy, Mumbai",Chennai Super Kings,Delhi Capitals,Chennai Super Kings,91,,
1304102,2022,2022-05-09,"Dr DY Patil Sports Academy, Mumbai",Kolkata Knight Riders,Mumbai Indians,Kolkata Knight Riders,52,,
1304103,2022,2022-05-10,"Maharashtra Cricket Association Stadium, Pune",Gujarat Titans,Lucknow Super Giants,Gujarat Titans,62,,
1304104,2022,2022-05-11,"Dr DY Patil Sports Academy, Mumbai",Rajasthan Royals,Delhi Capitals,Delhi Capitals,,8,
1304105,2022,2022-05-12,"Wankhede Stadium, Mumbai",Chennai Super Kings,Mumbai Indians,Mumbai Indians,,5,
1304106,2022,2022-05-13,"Brabourne Stadium, Mumbai",Punjab Kings,Royal Challengers Bangalore,Punjab Kings,54,,
1304107,2022,2022-05-14,"Maharashtra Cricket Association Stadium, Pune",Kolkata Knight Riders,Sunrisers Hyderabad,Kolkata Knight Riders,54,,
1304108,2022,2022-05-15,"Wankhede Stadium, Mumbai",Chennai Super Kings,Gujarat Titans,Gujarat Titans,,7,
1304109,2022,2022-05-15,"Brabourne Stadium, Mumbai",Rajasthan Royals,Lucknow Super Giants,Rajasthan Royals,24,,
1304110,2022,2022-05-16,"Dr DY Patil Sports Academy, Mumbai",Delhi Capitals,Punjab Kings,Delhi Capitals,17,,
1304111,2022,2022-05-17,"Wankhede Stadium, Mumbai",Sunrisers Hyderabad,Mumbai Indians,Sunrisers Hyderabad,3,,
1304112,2022,2022-05-18,"Dr DY Patil Sports Academy, Mumbai",Lucknow Super Giants,Kolkata Knight Riders,Lucknow Super Giants,2,,
1304113,2022,2022-05-19,"Wankhede Stadium, Mumbai",Gujarat Titans,Royal Challengers Bangalore,Royal Challengers Bangalore,,8,
1304114,2022,2022-05-20,"Brabourne Stadium, Mumbai",Chennai Super Kings,Rajasthan Royals,Rajasthan Royals,,5,
1304115,2022,2022-05-21,"Wankhede Stadium, Mumbai",Delhi Capitals,Mumbai Indians,Mumbai Indians,,5,
1304116,2022,2022-05-22,"Wankhede Stadium, Mumbai",Sunrisers Hyderabad,Punjab Kings,Punjab Kings,,5,
1312197,2022,2022-05-24,"Eden Gardens, Kolkata",Rajasthan Royals,Gujarat Titans,Gujarat Titans,,7,
1312198,2022,2022-05-25,"Eden Gardens, Kolkata",Royal Challengers Bangalore,Lucknow Super Giants,Royal Challengers Bangalore,14,,
1312199,2022,2022-05-27,"Narendra Modi Stadium, Ahmedabad",Royal Challengers Bangalore,Rajasthan Royals,Rajasthan Royals,,7,
1312200,2022,2022-05-29,"Narendra Modi Stadium, Ahmedabad",Rajasthan Royals,Gujarat Titans,Gujarat Titans,,7,
1359475,2023,2023-03-31,"Narendra Modi Stadium, Ahmedabad",Chennai Super Kings,Gujarat Titans,Gujarat Titans,,5,
1359476,2023,2023-04-01,"Punjab Cricket Association IS Bindra Stadium, Mohali, Chandigarh",Punjab Kings,Kolkata Knight Riders,Punjab Kings,7,,
1359477,2023,2023-04-01,"Bharat Ratna Shri Atal Bihari Vajpayee Ekana Cricket Stadium, Lucknow",Lucknow Super Giants,Delhi Capitals,Lucknow Super Giants,50,,
1359478,2023,2023-04-02,"Rajiv Gandhi International Stadium, Uppal, Hyderabad",Rajasthan Royals,Sunrisers Hyderabad,Rajasthan Royals,72,,
1359479,2023,2023-04-02,"M Chinnaswamy Stadium, Bengaluru",Mumbai Indians,Royal Challengers Bangalore,Royal Challengers Bangalore,,8,
1359480,2023,2023-04-03,"MA Chidambaram Stadium, Chepauk, Chennai",Chennai Super Kings,Lucknow Super Giants,Chennai Super Kings,12,,
1359481,2023,2023-04-04,"Arun Jaitley Stadium, Delhi",Delhi Capitals,Gujarat Titans,Gujarat Titans,,6,
1359482,2023,2023-04-05,"Barsapara Cricket Stadium, Guwahati",Punjab Kings,Rajasthan Royals,Punjab Kings,5,,
1359483,2023,2023-04-06,"Eden Gardens, Kolkata",Kolkata Knight Riders,Royal Challengers Bangalore,Kolkata Knight Riders,81,,
1359484,2023,2023-04-07,"Bharat Ratna Shri Atal Bihari Vajpayee Ekana Cricket Stadium, Lucknow",Sunrisers Hyderabad,Lucknow Super Giants,Lucknow Super Giants,,5,
1359485,2023,2023-04-08,"Barsapara Cricket Stadium, Guwahati",Rajasthan Royals,Delhi Capitals,Rajasthan Royals,57,,
1359486,2023,2023-04-08,"Wankhede Stadium, Mumbai",Mumbai Indians,Chennai Super Kings,Chennai Super Kings,,7,
1359487,2023,2023-04-09,"Narendra Modi Stadium, Ahmedabad",Gujarat Titans,Kolkata Knight Riders,Kolkata Knight Riders,,3,
1359488,2023,2023-04-09,"Rajiv Gandhi International Stadium, Uppal, Hyderabad",Punjab Kings,Sunrisers Hyderabad,Sunrisers Hyderabad,,8,
1359489,2023,2023-04-10,"M Chinnaswamy Stadium, Bengaluru",Royal Challengers Bangalore,Lucknow Super Giants,Lucknow Super Giants,,1,
1359490,2023,2023-04-11,"Arun Jaitley Stadium, Delhi",Delhi Capitals,Mumbai Indians,Mumbai Indians,,6,
1359491,2023,2023-04-12,"MA Chidambaram Stadium, Chepauk, Chennai",Rajasthan Royals,Chennai Super Kings,Rajasthan Royals,3,,
1359492,2023,2023-04-13,"Punjab Cricket Association IS Bindra Stadium, Mohali, Chandigarh",Punjab Kings,Gujarat Titans,Gujarat Titans,,6,
1359493,2023,2023-04-14,"Eden Gardens, Kolkata",Sunrisers Hyderabad,Kolkata Knight Riders,Sunrisers Hyderabad,23,,
1359494,2023,2023-04-15,"M Chinnaswamy Stadium, Bengaluru",Royal Challengers Bangalore,Delhi Capitals,Royal Challengers Bangalore,23,,
1359495,2023,2023-04-15,"Bharat Ratna Shri Atal Bihari Vajpayee Ekana Cricket Stadium, Lucknow",Lucknow Super Giants,Punjab Kings,Punjab Kings,,2,
1359496,2023,2023-04-16,"Wankhede Stadium, Mumbai",Kolkata Knight Riders,Mumbai Indians,Mumbai Indians,,5,
1359497,2023,2023-04-16,"Narendra Modi Stadium, Ahmedabad",Gujarat Titans,Rajasthan Royals,Rajasthan Royals,,3,
1359498,2023,2023-04-17,"M Chinnaswamy Stadium, Bengaluru",Chennai Super Kings,Royal Challengers Bangalore,Chennai Super Kings,8,,
1359499,2023,2023-04-18,"Rajiv Gandhi International Stadium, Uppal, Hyderabad",Mumbai Indians,Sunrisers Hyderabad,Mumbai Indians,14,,
1359500,2023,2023-04-19,"Sawai Mansingh Stadium, Jaipur",Lucknow Super Giants,Rajasthan Royals,Lucknow Super Giants,10,,
1359501,2023,2023-04-20,"Punjab Cricket Association IS Bindra Stadium, Mohali, Chandigarh",Royal Challengers Bangalore,Punjab Kings,Royal Challengers Bangalore,24,,
1359502,2023,2023-04-20,"Arun Jaitley Stadium, Delhi",Kolkata Knight Riders,Delhi Capitals,Delhi Capitals,,4,
1359503,2023,2023-04-21,"MA Chidambaram Stadium, Chepauk, Chennai",Sunrisers Hyderabad,Chennai Super Kings,Chennai Super Kings,,7,
1359504,2023,2023-04-22,"Bharat Ratna Shri Atal Bihari Vajpayee Ekana Cricket Stadium, Lucknow",Gujarat Titans,Lucknow Super Giants,Gujarat Titans,7,,
1359505,2023,2023-04-22,"Wankhede Stadium, Mumbai",Punjab Kings,Mumbai Indians,Punjab Kings,13,,
1359506,2023,2023-04-23,"M Chinnaswamy Stadium, Bengaluru",Royal Challengers Bangalore,Rajasthan Royals,Royal Challengers Bangalore,7,,
1359507,2023,2023-04-23,"Eden Gardens, Kolkata",Chennai Super Kings,Kolkata Knight Riders,Chennai Super Kings,49,,
1359508,2023,2023-04-24,"Rajiv Gandhi International Stadium, Uppal, Hyderabad",Delhi Capitals,Sunrisers Hyderabad,Delhi Capitals,7,,
1359509,2023,2023-04-25,"Narendra Modi Stadium, Ahmedabad",Gujarat Titans,Mumbai Indians,Gujarat Titans,55,,
1359510,2023,2023-04-26,"M Chinnaswamy Stadium, Bengaluru",Kolkata Knight Riders,Royal Challengers Bangalore,Kolkata Knight Riders,21,,
1359511,2023,2023-04-27,"Sawai Mansingh Stadium, Jaipur",Rajasthan Royals,Chennai Super Kings,Rajasthan Royals,32,,
1359512,2023,2023-04-28,"Punjab Cricket Association IS Bindra Stadium, Mohali, Chandigarh",Lucknow Super Giants,Punjab Kings,Lucknow Super Giants,56,,
1359513,2023,2023-04-29,"Eden Gardens, Kolkata",Kolkata Knight Riders,Gujarat Titans,Gujarat Titans,,7,
1359514,2023,2023-04-29,"Arun Jaitley Stadium, Delhi",Sunrisers Hyderabad,Delhi Capitals,Sunrisers Hyderabad,9,,
1359515,2023,2023-04-30,"MA Chidambaram Stadium, Chepauk, Chennai",Chennai Super Kings,Punjab Kings,Punjab Kings,,4,
1359516,2023,2023-04-30,"Wankhede Stadium, Mumbai",Rajasthan Royals,Mumbai Indians,Mumbai Indians,,6,
1359517,2023,2023-05-01,"Bharat Ratna Shri Atal Bihari Vajpayee Ekana Cricket Stadium, Lucknow",Royal Challengers Bangalore,Lucknow Super Giants,Royal Challengers Bangalore,18,,
1359518,2023,2023-05-02,"Narendra Modi Stadium, Ahmedabad",Delhi Capitals,Gujarat Titans,Delhi Capitals,5,,
1359519,2023,2023-05-03,"Bharat Ratna Shri Atal Bihari Vajpayee Ekana Cricket Stadium, Lucknow",Lucknow Super Giants,Chennai Super Kings,,,,
1359520,2023,2023-05-03,"Punjab Cricket Association IS Bindra Stadium, Mohali, Chandigarh",Punjab Kings,Mumbai Indians,Mumbai Indians,,6,
1359521,2023,2023-05-04,"Rajiv Gandhi International Stadium, Uppal, Hyderabad",Kolkata Knight Riders,Sunrisers Hyderabad,Kolkata Knight Riders,5,,
1359522,2023,2023-05-05,"Sawai Mansingh Stadium, Jaipur",Rajasthan Royals,Gujarat Titans,Gujarat Titans,,9,
1359523,2023,2023-05-06,"MA Chidambaram Stadium, Chepauk, Chennai",Mumbai Indians,Chennai Super Kings,Chennai Super Kings,,6,
1359524,2023,2023-05-06,"Arun Jaitley Stadium, Delhi",Royal Challengers Bangalore,Delhi Capitals,Delhi Capitals,,7,
1359525,2023,2023-05-07,"Narendra Modi Stadium, Ahmedabad",Gujarat Titans,Lucknow Super Giants,Gujarat Titans,56,,
1359526,2023,2023-05-07,"Sawai Mansingh Stadium, Jaipur",Rajasthan Royals,Sunrisers Hyderabad,Sunrisers Hyderabad,,4,
1359527,2023,2023-05-08,"Eden Gardens, Kolkata",Punjab Kings,Kolkata Knight Riders,Kolkata Knight Riders,,5,
1359528,2023,2023-05-09,"Wankhede Stadium, Mumbai",Royal Challengers Bangalore,Mumbai Indians,Mumbai Indians,,6,
1359529,2023,2023-05-10,"MA Chidambaram Stadium, Chepauk, Chennai",Chennai Super Kings,Delhi Capitals,Chennai Super Kings,27,,
1359530,2023,2023-05-11,"Eden Gardens, Kolkata",Kolkata Knight Riders,Rajasthan Royals,Rajasthan Royals,,9,
1359531,2023,2023-05-12,"Wankhede Stadium, Mumbai",Mumbai Indians,Gujarat Titans,Mumbai Indians,27,,
1359532,2023,2023-05-13,"Rajiv Gandhi International Stadium, Uppal, Hyderabad",Sunrisers Hyderabad,Lucknow Super Giants,Lucknow Super Giants,,7,
1359533,2023,2023-05-13,"Arun Jaitley Stadium, Delhi",Punjab Kings,Delhi Capitals,Punjab Kings,31,,
1359534,2023,2023-05-14,"Sawai Mansingh Stadium, Jaipur",Royal Challengers Bangalore,Rajasthan Royals,Royal Challengers Bangalore,112,,
1359535,2023,2023-05-14,"MA Chidambaram Stadium, Chepauk, Chennai",Chennai Super Kings,Kolkata Knight Riders,Kolkata Knight Riders,,6,
1359536,2023,2023-05-15,"Narendra Modi Stadium, Ahmedabad",Gujarat Titans,Sunrisers Hyderabad,Gujarat Titans,34,,
1359537,2023,2023-05-16,"Bharat Ratna Shri Atal Bihari Vajpayee Ekana Cricket Stadium, Lucknow",Lucknow Super Giants,Mumbai Indians,Lucknow Super Giants,5,,
1359538,2023,2023-05-17,"Himachal Pradesh Cricket Association Stadium, Dharamsala",Delhi Capitals,Punjab Kings,Delhi Capitals,15,,
1359539,2023,2023-05-18,"Rajiv Gandhi International Stadium, Uppal, Hyderabad",Sunrisers Hyderabad,Royal Challengers Bangalore,Royal Challengers Bangalore,,8,
1359540,2023,2023-05-19,"Himachal Pradesh Cricket Association Stadium, Dharamsala",Punjab Kings,Rajasthan Royals,Rajasthan Royals,,4,
1359541,2023,2023-05-20,"Arun Jaitley Stadium, Delhi",Chennai Super Kings,Delhi Capitals,Chennai Super Kings,77,,
1359542,2023,2023-05-20,"Eden Gardens, Kolkata",Lucknow Super Giants,Kolkata Knight Riders,Lucknow Super Giants,1,,
1359543,2023,2023-05-21,"Wankhede Stadium, Mumbai",Sunrisers Hyderabad,Mumbai Indians,Mumbai Indians,,8,
1359544,2023,2023-05-21,"M Chinnaswamy Stadium, Bengaluru",Royal Challengers Bangalore,Gujarat Titans,Gujarat Titans,,6,
1370350,2023,2023-05-23,"MA Chidambaram Stadium, Chepauk, Chennai",Chennai Super Kings,Gujarat Titans,Chennai Super Kings,15,,
1370351,2023,2023-05-24,"MA Chidambaram Stadium, Chepauk, Chennai",Mumbai Indians,Lucknow Super Giants,Mumbai Indians,81,,
1370352,2023,2023-05-26,"Narendra Modi Stadium, Ahmedabad",Gujarat Titans,Mumbai Indians,Gujarat Titans,62,,
1370353,2023,2023-05-29,"Narendra Modi Stadium, Ahmedabad",Gujarat Titans,Chennai Super Kings,Chennai Super Kings,,5,
1422119,2024,2024-03-22,"MA Chidambaram Stadium, Chepauk, Chennai",Royal Challengers Bengaluru,Chennai Super Kings,Chennai Super Kings,,6,
1422120,2024,2024-03-23,"Maharaja Yadavindra Singh International Cricket Stadium, Mullanpur",Delhi Capitals,Punjab Kings,Punjab Kings,,4,
1422121,2024,2024-03-23,"Eden Gardens, Kolkata",Kolkata Knight Riders,Sunrisers Hyderabad,Kolkata Knight Riders,4,,
1422122,2024,2024-03-24,"Sawai Mansingh Stadium, Jaipur",Rajasthan Royals,Lucknow Super Giants,Rajasthan Royals,20,,
1422123,2024,2024-03-24,"Narendra Modi Stadium, Ahmedabad",Gujarat Titans,Mumbai Indians,Gujarat Titans,6,,
1422124,2024,2024-03-25,"M Chinnaswamy Stadium, Bengaluru",Punjab Kings,Royal Challengers Bengaluru,Royal Challengers Bengaluru,,4,
1422125,2024,2024-03-26,"MA Chidambaram Stadium, Chepauk, Chennai",Chennai Super Kings,Gujarat Titans,Chennai Super Kings,63,,
1422126,2024,2024-03-27,"Rajiv Gandhi International Stadium, Uppal, Hyderabad",Sunrisers Hyderabad,Mumbai Indians,Sunrisers Hyderabad,31,,
1422127,2024,2024-03-28,"Sawai Mansingh Stadium, Jaipur",Rajasthan Royals,Delhi Capitals,Rajasthan Royals,12,,
1422128,2024,2024-03-29,"M Chinnaswamy Stadium, Bengaluru",Royal Challengers Bengaluru,Kolkata Knight Riders,Kolkata Knight Riders,,7,
1422129,2024,2024-03-30,"Bharat Ratna Shri Atal Bihari Vajpayee Ekana Cricket Stadium, Lucknow",Lucknow Super Giants,Punjab Kings,Lucknow Super Giants,21,,
1422130,2024,2024-03-31,"Narendra Modi Stadium, Ahmedabad",Sunrisers Hyderabad,Gujarat Titans,Gujarat Titans,,7,
1422131,2024,2024-03-31,"Dr. Y.S. Rajasekhara Reddy ACA-VDCA Cricket Stadium, Visakhapatnam",Delhi Capitals,Chennai Super Kings,Delhi Capitals,20,,
1422132,2024,2024-04-01,"Wankhede Stadium, Mumbai",Mumbai Indians,Rajasthan Royals,Rajasthan Royals,,6,
1422133,2024,2024-04-02,"M Chinnaswamy Stadium, Bengaluru",Lucknow Super Giants,Royal Challengers Bengaluru,Lucknow Super Giants,28,,
1422134,2024,2024-04-03,"Dr. Y.S. Rajasekhara Reddy ACA-VDCA Cricket Stadium, Visakhapatnam",Kolkata Knight Riders,Delhi Capitals,Kolkata Knight Riders,106,,
1422135,2024,2024-04-04,"Narendra Modi Stadium, Ahmedabad",Gujarat Titans,Punjab Kings,Punjab Kings,,3,
1422136,2024,2024-04-05,"Rajiv Gandhi International Stadium, Uppal, Hyderabad",Chennai Super Kings,Sunrisers Hyderabad,Sunrisers Hyderabad,,6,
1422137,2024,2024-04-06,"Sawai Mansingh Stadium, Jaipur",Royal Challengers Bengaluru,Rajasthan Royals,Rajasthan Royals,,6,
1422138,2024,2024-04-07,"Wankhede Stadium, Mumbai",Mumbai Indians,Delhi Capitals,Mumbai Indians,29,,
1422139,2024,2024-04-07,"Bharat Ratna Shri Atal Bihari Vajpayee Ekana Cricket Stadium, Lucknow",Lucknow Super Giants,Gujarat Titans,Lucknow Super Giants,33,,
1426260,2024,2024-04-08,"MA Chidambaram Stadium, Chepauk, Chennai",Kolkata Knight Riders,Chennai Super Kings,Chennai Super Kings,,7,
1426261,2024,2024-04-09,"Maharaja Yadavindra Singh International Cricket Stadium, Mullanpur",Sunrisers Hyderabad,Punjab Kings,Sunrisers Hyderabad,2,,
1426262,2024,2024-04-10,"Sawai Mansingh Stadium, Jaipur",Rajasthan Royals,Gujarat Titans,Gujarat Titans,,3,
1426263,2024,2024-04-11,"Wankhede Stadium, Mumbai",Royal Challengers Bengaluru,Mumbai Indians,Mumbai Indians,,7,
1426264,2024,2024-04-12,"Bharat Ratna Shri Atal Bihari Vajpayee Ekana Cricket Stadium, Lucknow",Lucknow Super Giants,Delhi Capitals,Delhi Capitals,,6,
1426265,2024,2024-04-13,"Maharaja Yadavindra Singh International Cricket Stadium, Mullanpur",Punjab Kings,Rajasthan Royals,Rajasthan Royals,,3,
1426266,2024,2024-04-14,"Eden Gardens, Kolkata",Lucknow Super Giants,Kolkata Knight Riders,Kolkata Knight Riders,,8,
1426267,2024,2024-04-14,"Wankhede Stadium, Mumbai",Chennai Super Kings,Mumbai Indians,Chennai Super Kings,20,,
1426268,2024,2024-04-15,"M Chinnaswamy Stadium, Bengaluru",Sunrisers Hyderabad,Royal Challengers Bengaluru,Sunrisers Hyderabad,25,,
1426269,2024,2024-04-16,"Eden Gardens, Kolkata",Kolkata Knight Riders,Rajasthan Royals,Rajasthan Royals,,2,
1426270,2024,2024-04-17,"Narendra Modi Stadium, Ahmedabad",Gujarat Titans,Delhi Capitals,Delhi Capitals,,6,
1426271,2024,2024-04-18,"Maharaja Yadavindra Singh International Cricket Stadium, Mullanpur",Mumbai Indians,Punjab Kings,Mumbai Indians,9,,
1426272,2024,2024-04-19,"Bharat Ratna Shri Atal Bihari Vajpayee Ekana Cricket Stadium, Lucknow",Chennai Super Kings,Lucknow Super Giants,Lucknow Super Giants,,8,
1426273,2024,2024-04-20,"Arun Jaitley Stadium, Delhi",Sunrisers Hyderabad,Delhi Capitals,Sunrisers Hyderabad,67,,
1426274,2024,2024-04-21,"Eden Gardens, Kolkata",Kolkata Knight Riders,Royal Challengers Bengaluru,Kolkata Knight Riders,1,,
1426275,2024,2024-04-21,"Maharaja Yadavindra Singh International Cricket Stadium, Mullanpur",Punjab Kings,Gujarat Titans,Gujarat Titans,,3,
1426276,2024,2024-04-22,"Sawai Mansingh Stadium, Jaipur",Mumbai Indians,Rajasthan Royals,Rajasthan Royals,,9,
1426277,2024,2024-04-23,"MA Chidambaram Stadium, Chepauk, Chennai",Chennai Super Kings,Lucknow Super Giants,Lucknow Super Giants,,6,
1426278,2024,2024-04-24,"Arun Jaitley Stadium, Delhi",Delhi Capitals,Gujarat Titans,Delhi Capitals,4,,
1426279,2024,2024-04-25,"Rajiv Gandhi International Stadium, Uppal, Hyderabad",Royal Challengers Bengaluru,Sunrisers Hyderabad,Royal Challengers Bengaluru,35,,
1426280,2024,2024-04-26,"Eden Gardens, Kolkata",Kolkata Knight Riders,Punjab Kings,Punjab Kings,,8,
1426281,2024,2024-04-27,"Arun Jaitley Stadium, Delhi",Delhi Capitals,Mumbai Indians,Delhi Capitals,10,,
1426282,2024,2024-04-27,"Bharat Ratna Shri Atal Bihari Vajpayee Ekana Cricket Stadium, Lucknow",Lucknow Super Giants,Rajasthan Royals,Rajasthan Royals,,7,
1426283,2024,2024-04-28,"Narendra Modi Stadium, Ahmedabad",Gujarat Titans,Royal Challengers Bengaluru,Royal Challengers Bengaluru,,9,
1426284,2024,2024-04-28,"MA Chidambaram Stadium, Chepauk, Chennai",Chennai Super Kings,Sunrisers Hyderabad,Chennai Super Kings,78,,
1426285,2024,2024-04-29,"Eden Gardens, Kolkata",Delhi Capitals,Kolkata Knight Riders,Kolkata Knight Riders,,7,
1426286,2024,2024-04-30,"Bharat Ratna Shri Atal Bihari Vajpayee Ekana Cricket Stadium, Lucknow",Mumbai Indians,Lucknow Super Giants,Lucknow Super Giants,,4,
1426287,2024,2024-05-01,"MA Chidambaram Stadium, Chepauk, Chennai",Chennai Super Kings,Punjab Kings,Punjab Kings,,7,
1426288,2024,2024-05-02,"Rajiv Gandhi International Stadium, Uppal, Hyderabad",Sunrisers Hyderabad,Rajasthan Royals,Sunrisers Hyderabad,1,,
1426289,2024,2024-05-03,"Wankhede Stadium, Mumbai",Kolkata Knight Riders,Mumbai Indians,Kolkata Knight Riders,24,,
1426290,2024,2024-05-04,"M Chinnaswamy Stadium, Bengaluru",Gujarat Titans,Royal Challengers Bengaluru,Royal Challengers Bengaluru,,4,
1426291,2024,2024-05-05,"Himachal Pradesh Cricket Association Stadium, Dharamsala",Chennai Super Kings,Punjab Kings,Chennai Super Kings,28,,
1426292,2024,2024-05-05,"Bharat Ratna Shri Atal Bihari Vajpayee Ekana Cricket Stadium, Lucknow",Kolkata Knight Riders,Lucknow Super Giants,Kolkata Knight Riders,98,,
1426293,2024,2024-05-06,"Wankhede Stadium, Mumbai",Sunrisers Hyderabad,Mumbai Indians,Mumbai Indians,,7,
1426294,2024,2024-05-07,"Arun Jaitley Stadium, Delhi",Delhi Capitals,Rajasthan Royals,Delhi Capitals,20,,
1426295,2024,2024-05-08,"Rajiv Gandhi International Stadium, Uppal, Hyderabad",Lucknow Super Giants,Sunrisers Hyderabad,Sunrisers Hyderabad,,10,
1426296,2024,2024-05-09,"Himachal Pradesh Cricket Association Stadium, Dharamsala",Royal Challengers Bengaluru,Punjab Kings,Royal Challengers Bengaluru,60,,
1426297,2024,2024-05-10,"Narendra Modi Stadium, Ahmedabad",Gujarat Titans,Chennai Super Kings,Gujarat Titans,35,,
1426298,2024,2024-05-11,"Eden Gardens, Kolkata",Kolkata Knight Riders,Mumbai Indians,Kolkata Knight Riders,18,,
1426299,2024,2024-05-12,"MA Chidambaram Stadium, Chepauk, Chennai",Rajasthan Royals,Chennai Super Kings,Chennai Super Kings,,5,
1426300,2024,2024-05-12,"M Chinnaswamy Stadium, Bengaluru",Royal Challengers Bengaluru,Delhi Capitals,Royal Challengers Bengaluru,47,,
1426302,2024,2024-05-14,"Arun Jaitley Stadium, Delhi",Delhi Capitals,Lucknow Super Giants,Delhi Capitals,19,,
1426303,2024,2024-05-15,"Barsapara Cricket Stadium, Guwahati",Rajasthan Royals,Punjab Kings,Punjab Kings,,5,
1426305,2024,2024-05-17,"Wankhede Stadium, Mumbai",Lucknow Super Giants,Mumbai Indians,Lucknow Super Giants,18,,
1426306,2024,2024-05-18,"M Chinnaswamy Stadium, Bengaluru",Royal Challengers Bengaluru,Chennai Super Kings,Royal Challengers Bengaluru,27,,
1426307,2024,2024-05-19,"Rajiv Gandhi International Stadium, Uppal, Hyderabad",Punjab Kings,Sunrisers Hyderabad,Sunrisers Hyderabad,,4,
1426309,2024,2024-05-21,"Narendra Modi Stadium, Ahmedabad",Sunrisers Hyderabad,Kolkata Knight Riders,Kolkata Knight Riders,,8,
1426310,2024,2024-05-22,"Narendra Modi Stadium, Ahmedabad",Royal Challengers Bengaluru,Rajasthan Royals,Rajasthan Royals,,4,
1426311,2024,2024-05-24,"MA Chidambaram Stadium, Chepauk, Chennai",Sunrisers Hyderabad,Rajasthan Royals,Sunrisers Hyderabad,36,,
1426312,2024,2024-05-26,"MA Chidambaram Stadium, Chepauk, Chennai",Sunrisers Hyderabad,Kolkata Knight Riders,Kolkata Knight Riders,,8,
1473438,2025,2025-03-22,"Eden Gardens, Kolkata",Kolkata Knight Riders,Royal Challengers Bengaluru,Royal Challengers Bengaluru,,7,
1473439,2025,2025-03-23,"Rajiv Gandhi International Stadium, Uppal, Hyderabad",Sunrisers Hyderabad,Rajasthan Royals,Sunrisers Hyderabad,44,,
1473440,2025,2025-03-23,"MA Chidambaram Stadium, Chepauk, Chennai",Mumbai Indians,Chennai Super Kings,Chennai Super Kings,,4,
1473441,2025,2025-03-24,"Dr. Y.S. Rajasekhara Reddy ACA-VDCA Cricket Stadium, Visakhapatnam",Lucknow Super Giants,Delhi Capitals,Delhi Capitals,,1,
1473442,2025,2025-03-25,"Narendra Modi Stadium, Ahmedabad",Punjab Kings,Gujarat Titans,Punjab Kings,11,,
1473443,2025,2025-03-26,"Barsapara Cricket Stadium, Guwahati",Rajasthan Royals,Kolkata Knight Riders,Kolkata Knight Riders,,8,
1473444,2025,2025-03-27,"Rajiv Gandhi International Stadium, Uppal, Hyderabad",Sunrisers Hyderabad,Lucknow Super Giants,Lucknow Super Giants,,5,
1473445,2025,2025-03-28,"MA Chidambaram Stadium, Chepauk, Chennai",Royal Challengers Bengaluru,Chennai Super Kings,Royal Challengers Bengaluru,50,,
1473446,2025,2025-03-29,"Narendra Modi Stadium, Ahmedabad",Gujarat Titans,Mumbai Indians,Gujarat Titans,36,,
1473447,2025,2025-03-30,"Dr. Y.S. Rajasekhara Reddy ACA-VDCA Cricket Stadium, Visakhapatnam",Sunrisers Hyderabad,Delhi Capitals,Delhi Capitals,,7,
1473448,2025,2025-03-30,"Barsapara Cricket Stadium, Guwahati",Rajasthan Royals,Chennai Super Kings,Rajasthan Royals,6,,
1473449,2025,2025-03-31,"Wankhede Stadium, Mumbai",Kolkata Knight Riders,Mumbai Indians,Mumbai Indians,,8,
1473450,2025,2025-04-01,"Bharat Ratna Shri Atal Bihari Vajpayee Ekana Cricket Stadium, Lucknow",Lucknow Super Giants,Punjab Kings,Punjab Kings,,8,
1473451,2025,2025-04-02,"M Chinnaswamy Stadium, Bengaluru",Royal Challengers Bengaluru,Gujarat Titans,Gujarat Titans,,8,
1473452,2025,2025-04-03,"Eden Gardens, Kolkata",Kolkata Knight Riders,Sunrisers Hyderabad,Kolkata Knight Riders,80,,
1473453,2025,2025-04-04,"Bharat Ratna Shri Atal Bihari Vajpayee Ekana Cricket Stadium, Lucknow",Lucknow Super Giants,Mumbai Indians,Lucknow Super Giants,12,,
1473454,2025,2025-04-05,"MA Chidambaram Stadium, Chepauk, Chennai",Delhi Capitals,Chennai Super Kings,Delhi Capitals,25,,
1473455,2025,2025-04-05,"Maharaja Yadavindra Singh International Cricket Stadium, Mullanpur",Rajasthan Royals,Punjab Kings,Rajasthan Royals,50,,
1473456,2025,2025-04-08,"Eden Gardens, Kolkata",Lucknow Super Giants,Kolkata Knight Riders,Lucknow Super Giants,4,,
1473457,2025,2025-04-06,"Rajiv Gandhi International Stadium, Uppal, Hyderabad",Sunrisers Hyderabad,Gujarat Titans,Gujarat Titans,,7,
1473458,2025,2025-04-07,"Wankhede Stadium, Mumbai",Royal Challengers Bengaluru,Mumbai Indians,Royal Challengers Bengaluru,12,,
1473459,2025,2025-04-08,"Maharaja Yadavindra Singh International Cricket Stadium, Mullanpur",Punjab Kings,Chennai Super Kings,Punjab Kings,18,,
1473460,2025,2025-04-09,"Narendra Modi Stadium, Ahmedabad",Gujarat Titans,Rajasthan Royals,Gujarat Titans,58,,
1473461,2025,2025-04-10,"M Chinnaswamy Stadium, Bengaluru",Royal Challengers Bengaluru,Delhi Capitals,Delhi Capitals,,6,
1473462,2025,2025-04-11,"MA Chidambaram Stadium, Chepauk, Chennai",Chennai Super Kings,Kolkata Knight Riders,Kolkata Knight Riders,,8,
1473463,2025,2025-04-12,"Bharat Ratna Shri Atal Bihari Vajpayee Ekana Cricket Stadium, Lucknow",Gujarat Titans,Lucknow Super Giants,Lucknow Super Giants,,6,
1473464,2025,2025-04-12,"Rajiv Gandhi International Stadium, Uppal, Hyderabad",Punjab Kings,Sunrisers Hyderabad,Sunrisers Hyderabad,,8,
1473465,2025,2025-04-13,"Sawai Mansingh Stadium, Jaipur",Rajasthan Royals,Royal Challengers Bengaluru,Royal Challengers Bengaluru,,9,
1473466,2025,2025-04-13,"Arun Jaitley Stadium, Delhi",Mumbai Indians,Delhi Capitals,Mumbai Indians,12,,
1473467,2025,2025-04-14,"Bharat Ratna Shri Atal Bihari Vajpayee Ekana Cricket Stadium, Lucknow",Lucknow Super Giants,Chennai Super Kings,Chennai Super Kings,,5,
1473468,2025,2025-04-15,"Maharaja Yadavindra Singh International Cricket Stadium, Mullanpur",Punjab Kings,Kolkata Knight Riders,Punjab Kings,16,,
1473469,2025,2025-04-16,"Arun Jaitley Stadium, Delhi",Delhi Capitals,Rajasthan Royals,,,,
1473470,2025,2025-04-17,"Wankhede Stadium, Mumbai",Sunrisers Hyderabad,Mumbai Indians,Mumbai Indians,,4,
1473471,2025,2025-04-18,"M Chinnaswamy Stadium, Bengaluru",Royal Challengers Bengaluru,Punjab Kings,Punjab Kings,,5,
1473472,2025,2025-04-19,"Narendra Modi Stadium, Ahmedabad",Delhi Capitals,Gujarat Titans,Gujarat Titans,,7,
1473473,2025,2025-04-19,"Sawai Mansingh Stadium, Jaipur",Lucknow Super Giants,Rajasthan Royals,Lucknow Super Giants,2,,
1473474,2025,2025-04-20,"Maharaja Yadavindra Singh International Cricket Stadium, Mullanpur",Punjab Kings,Royal Challengers Bengaluru,Royal Challengers Bengaluru,,7,
1473475,2025,2025-04-20,"Wankhede Stadium, Mumbai",Chennai Super Kings,Mumbai Indians,Mumbai Indians,,9,
1473476,2025,2025-04-21,"Eden Gardens, Kolkata",Gujarat Titans,Kolkata Knight Riders,Gujarat Titans,39,,
1473477,2025,2025-04-22,"Bharat Ratna Shri Atal Bihari Vajpayee Ekana Cricket Stadium, Lucknow",Lucknow Super Giants,Delhi Capitals,Delhi Capitals,,8,
1473478,2025,2025-04-23,"Rajiv Gandhi International Stadium, Uppal, Hyderabad",Sunrisers Hyderabad,Mumbai Indians,Mumbai Indians,,7,
1473479,2025,2025-04-24,"M Chinnaswamy Stadium, Bengaluru",Royal Challengers Bengaluru,Rajasthan Royals,Royal Challengers Bengaluru,11,,
1473480,2025,2025-04-25,"MA Chidambaram Stadium, Chepauk, Chennai",Chennai Super Kings,Sunrisers Hyderabad,Sunrisers Hyderabad,,5,
1473481,2025,2025-04-26,"Eden Gardens, Kolkata",Punjab Kings,Kolkata Knight Riders,,,,
1473482,2025,2025-04-27,"Wankhede Stadium, Mumbai",Mumbai Indians,Lucknow Super Giants,Mumbai Indians,54,,
1473483,2025,2025-04-27,"Arun Jaitley Stadium, Delhi",Delhi Capitals,Royal Challengers Bengaluru,Royal Challengers Bengaluru,,6,
1473484,2025,2025-04-28,"Sawai Mansingh Stadium, Jaipur",Gujarat Titans,Rajasthan Royals,Rajasthan Royals,,8,
1473485,2025,2025-04-29,"Arun Jaitley Stadium, Delhi",Kolkata Knight Riders,Delhi Capitals,Kolkata Knight Riders,14,,
1473486,2025,2025-04-30,"MA Chidambaram Stadium, Chepauk, Chennai",Chennai Super Kings,Punjab Kings,Punjab Kings,,4,
1473487,2025,2025-05-01,"Sawai Mansingh Stadium, Jaipur",Mumbai Indians,Rajasthan Royals,Mumbai Indians,100,,
1473488,2025,2025-05-02,"Narendra Modi Stadium, Ahmedabad",Gujarat Titans,Sunrisers Hyderabad,Gujarat Titans,38,,
1473489,2025,2025-05-03,"M Chinnaswamy Stadium, Bengaluru",Royal Challengers Bengaluru,Chennai Super Kings,Royal Challengers Bengaluru,2,,
1473490,2025,2025-05-04,"Eden Gardens, Kolkata",Kolkata Knight Riders,Rajasthan Royals,Kolkata Knight Riders,1,,
1473491,2025,2025-05-04,"Himachal Pradesh Cricket Association Stadium, Dharamsala",Punjab Kings,Lucknow Super Giants,Punjab Kings,37,,
1473492,2025,2025-05-05,"Rajiv Gandhi International Stadium, Uppal, Hyderabad",Delhi Capitals,Sunrisers Hyderabad,,,,
1473493,2025,2025-05-06,"Wankhede Stadium, Mumbai",Mumbai Indians,Gujarat Titans,Gujarat Titans,,3,
1473494,2025,2025-05-07,"Eden Gardens, Kolkata",Kolkata Knight Riders,Chennai Super Kings,Chennai Super Kings,,2,
1473495,2025,2025-05-08,"Himachal Pradesh Cricket Association Stadium, Dharamsala",Punjab Kings,Delhi Capitals,,,,
1473497,2025,2025-05-18,"Sawai Mansingh Stadium, Jaipur",Punjab Kings,Rajasthan Royals,Punjab Kings,10,,
1473498,2025,2025-05-18,"Arun Jaitley Stadium, Delhi",Delhi Capitals,Gujarat Titans,Gujarat Titans,,10,
1473499,2025,2025-05-19,"Bharat Ratna Shri Atal Bihari Vajpayee Ekana Cricket Stadium, Lucknow",Lucknow Super Giants,Sunrisers Hyderabad,Sunrisers Hyderabad,,6,
1473500,2025,2025-05-20,"Arun Jaitley Stadium, Delhi",Chennai Super Kings,Rajasthan Royals,Rajasthan Royals,,6,
1473501,2025,2025-05-21,"Wankhede Stadium, Mumbai",Mumbai Indians,Delhi Capitals,Mumbai Indians,59,,
1473502,2025,2025-05-22,"Narendra Modi Stadium, Ahmedabad",Lucknow Super Giants,Gujarat Titans,Lucknow Super Giants,33,,
1473503,2025,2025-05-23,"Bharat Ratna Shri Atal Bihari Vajpayee Ekana Cricket Stadium, Lucknow",Sunrisers Hyderabad,Royal Challengers Bengaluru,Sunrisers Hyderabad,42,,
1473504,2025,2025-05-25,"Narendra Modi Stadium, Ahmedabad",Chennai Super Kings,Gujarat Titans,Chennai Super Kings,83,,
1473505,2025,2025-05-25,"Arun Jaitley Stadium, Delhi",Sunrisers Hyderabad,Kolkata Knight Riders,Sunrisers Hyderabad,110,,
1473506,2025,2025-05-26,"Sawai Mansingh Stadium, Jaipur",Mumbai Indians,Punjab Kings,Punjab Kings,,7,
1473507,2025,2025-05-27,"Bharat Ratna Shri Atal Bihari Vajpayee Ekana Cricket Stadium, Lucknow",Lucknow Super Giants,Royal Challengers Bengaluru,Royal Challengers Bengaluru,,6,
1473508,2025,2025-05-29,"Maharaja Yadavindra Singh International Cricket Stadium, Mullanpur",Punjab Kings,Royal Challengers Bengaluru,Royal Challengers Bengaluru,,8,
1473509,2025,2025-05-30,"Maharaja Yadavindra Singh International Cricket Stadium, New Chandigarh",Mumbai Indians,Gujarat Titans,Mumbai Indians,20,,
1473510,2025,2025-06-01,"Narendra Modi Stadium, Ahmedabad",Mumbai Indians,Punjab Kings,Punjab Kings,,5,
1473511,2025,2025-06-03,"Narendra Modi Stadium, Ahmedabad",Royal Challengers Bengaluru,Punjab Kings,Royal Challengers Bengaluru,6,,
1485779,2025,2025-05-24,"Sawai Mansingh Stadium, Jaipur",Punjab Kings,Delhi Capitals,Delhi Capitals,,6,
1527674,2026,2026-03-28,"M Chinnaswamy Stadium, Bengaluru",Sunrisers Hyderabad,Royal Challengers Bengaluru,Royal Challengers Bengaluru,,6,
1527675,2026,2026-03-29,"Wankhede Stadium, Mumbai",Kolkata Knight Riders,Mumbai Indians,Mumbai Indians,,6,
1527676,2026,2026-03-30,"Barsapara Cricket Stadium, Guwahati",Chennai Super Kings,Rajasthan Royals,Rajasthan Royals,,8,
1527677,2026,2026-03-31,"Maharaja Yadavindra Singh International Cricket Stadium, New Chandigarh",Gujarat Titans,Punjab Kings,Punjab Kings,,3,
1527678,2026,2026-04-01,"Bharat Ratna Shri Atal Bihari Vajpayee Ekana Cricket Stadium, Lucknow",Lucknow Super Giants,Delhi Capitals,Delhi Capitals,,6,
1527679,2026,2026-04-02,"Eden Gardens, Kolkata",Sunrisers Hyderabad,Kolkata Knight Riders,Sunrisers Hyderabad,65,,
1527680,2026,2026-04-03,"MA Chidambaram Stadium, Chepauk, Chennai",Chennai Super Kings,Punjab Kings,Punjab Kings,,5,
1527681,2026,2026-04-04,"Arun Jaitley Stadium, Delhi",Mumbai Indians,Delhi Capitals,Delhi Capitals,,6,
1527682,2026,2026-04-04,"Narendra Modi Stadium, Ahmedabad",Rajasthan Royals,Gujarat Titans,Rajasthan Royals,6,,
1527683,2026,2026-04-05,"Rajiv Gandhi International Stadium, Uppal, Hyderabad",Sunrisers Hyderabad,Lucknow Super Giants,Lucknow Super Giants,,5,
1527684,2026,2026-04-05,"M Chinnaswamy Stadium, Bengaluru",Royal Challengers Bengaluru,Chennai Super Kings,Royal Challengers Bengaluru,43,,
1527685,2026,2026-04-06,"Eden Gardens, Kolkata",Kolkata Knight Riders,Punjab Kings,,,,
1527686,2026,2026-04-07,"Barsapara Cricket Stadium, Guwahati",Rajasthan Royals,Mumbai Indians,Rajasthan Royals,27,,
1527687,2026,2026-04-08,"Arun Jaitley Stadium, Delhi",Gujarat Titans,Delhi Capitals,Gujarat Titans,1,,
1527688,2026,2026-04-09,"Eden Gardens, Kolkata",Kolkata Knight Riders,Lucknow Super Giants,Lucknow Super Giants,,3,
1527689,2026,2026-04-10,"Barsapara Cricket Stadium, Guwahati",Royal Challengers Bengaluru,Rajasthan Royals,Rajasthan Royals,,6,
1527690,2026,2026-04-11,"Maharaja Yadavindra Singh International Cricket Stadium, New Chandigarh",Sunrisers Hyderabad,Punjab Kings,Punjab Kings,,6,
1527691,2026,2026-04-11,"MA Chidambaram Stadium, Chepauk, Chennai",Chennai Super Kings,Delhi Capitals,Chennai Super Kings,23,,
1527692,2026,2026-04-12,"Bharat Ratna Shri Atal Bihari Vajpayee Ekana Cricket Stadium, Lucknow",Lucknow Super Giants,Gujarat Titans,Gujarat Titans,,7,
1527693,2026,2026-04-12,"Wankhede Stadium, Mumbai",Royal Challengers Bengaluru,Mumbai Indians,Royal Challengers Bengaluru,18,,
1529264,2026,2026-04-13,"Rajiv Gandhi International Stadium, Uppal, Hyderabad",Sunrisers Hyderabad,Rajasthan Royals,Sunrisers Hyderabad,57,,
1529265,2026,2026-04-14,"MA Chidambaram Stadium, Chepauk, Chennai",Chennai Super Kings,Kolkata Knight Riders,Chennai Super Kings,32,,
1529266,2026,2026-04-15,"M Chinnaswamy Stadium, Bengaluru",Lucknow Super Giants,Royal Challengers Bengaluru,Royal Challengers Bengaluru,,5,
1529267,2026,2026-04-16,"Wankhede Stadium, Mumbai",Mumbai Indians,Punjab Kings,Punjab Kings,,7,
1529268,2026,2026-04-17,"Narendra Modi Stadium, Ahmedabad",Kolkata Knight Riders,Gujarat Titans,Gujarat Titans,,5,
1529269,2026,2026-04-18,"M Chinnaswamy Stadium, Bengaluru",Royal Challengers Bengaluru,Delhi Capitals,Delhi Capitals,,6,
1529270,2026,2026-04-18,"Rajiv Gandhi International Stadium, Uppal, Hyderabad",Sunrisers Hyderabad,Chennai Super Kings,Sunrisers Hyderabad,10,,
1529271,2026,2026-04-19,"Eden Gardens, Kolkata",Rajasthan Royals,Kolkata Knight Riders,Kolkata Knight Riders,,4,
1529272,2026,2026-04-19,"Maharaja Yadavindra Singh International Cricket Stadium, New Chandigarh",Punjab Kings,Lucknow Super Giants,Punjab Kings,54,,
1529273,2026,2026-04-20,"Narendra Modi Stadium, Ahmedabad",Mumbai Indians,Gujarat Titans,Mumbai Indians,99,,
1529274,2026,2026-04-21,"Rajiv Gandhi International Stadium, Uppal, Hyderabad",Sunrisers Hyderabad,Delhi Capitals,Sunrisers Hyderabad,47,,
1529275,2026,2026-04-22,"Bharat Ratna Shri Atal Bihari Vajpayee Ekana Cricket Stadium, Lucknow",Rajasthan Royals,Lucknow Super Giants,Rajasthan Royals,40,,
1529276,2026,2026-04-23,"Wankhede Stadium, Mumbai",Chennai Super Kings,Mumbai Indians,Chennai Super Kings,103,,
1529277,2026,2026-04-24,"M Chinnaswamy Stadium, Bengaluru",Gujarat Titans,Royal Challengers Bengaluru,Royal Challengers Bengaluru,,5,
1529278,2026,2026-04-25,"Arun Jaitley Stadium, Delhi",Delhi Capitals,Punjab Kings,Punjab Kings,,6,
1529279,2026,2026-04-25,"Sawai Mansingh Stadium, Jaipur",Rajasthan Royals,Sunrisers Hyderabad,Sunrisers Hyderabad,,5,
1529280,2026,2026-04-26,"MA Chidambaram Stadium, Chepauk, Chennai",Chennai Super Kings,Gujarat Titans,Gujarat Titans,,8,
1529281,2026,2026-04-26,"Bharat Ratna Shri Atal Bihari Vajpayee Ekana Cricket Stadium, Lucknow",Kolkata Knight Riders,Lucknow Super Giants,,,,
1529282,2026,2026-04-27,"Arun Jaitley Stadium, Delhi",Delhi Capitals,Royal Challengers Bengaluru,Royal Challengers Bengaluru,,9,
1529283,2026,2026-04-28,"Maharaja Yadavindra Singh International Cricket Stadium, New Chandigarh",Punjab Kings,Rajasthan Royals,Rajasthan Royals,,6,
1529284,2026,2026-04-29,"Wankhede Stadium, Mumbai",Mumbai Indians,Sunrisers Hyderabad,Sunrisers Hyderabad,,6,
1529285,2026,2026-04-30,"Narendra Modi Stadium, Ahmedabad",Royal Challengers Bengaluru,Gujarat Titans,Gujarat Titans,,4,
1529286,2026,2026-05-01,"Sawai Mansingh Stadium, Jaipur",Rajasthan Royals,Delhi Capitals,Delhi Capitals,,7,
1529287,2026,2026-05-02,"MA Chidambaram Stadium, Chepauk, Chennai",Mumbai Indians,Chennai Super Kings,Chennai Super Kings,,8,
1529288,2026,2026-05-03,"Rajiv Gandhi International Stadium, Uppal, Hyderabad",Sunrisers Hyderabad,Kolkata Knight Riders,Kolkata Knight Riders,,7,
1529289,2026,2026-05-03,"Narendra Modi Stadium, Ahmedabad",Punjab Kings,Gujarat Titans,Gujarat Titans,,4,
1529290,2026,2026-05-04,"Wankhede Stadium, Mumbai",Lucknow Super Giants,Mumbai Indians,Mumbai Indians,,6,
1529291,2026,2026-05-05,"Arun Jaitley Stadium, Delhi",Delhi Capitals,Chennai Super Kings,Chennai Super Kings,,8,
1529292,2026,2026-05-06,"Rajiv Gandhi International Stadium, Uppal, Hyderabad",Sunrisers Hyderabad,Punjab Kings,Sunrisers Hyderabad,33,,
1529293,2026,2026-05-07,"Bharat Ratna Shri Atal Bihari Vajpayee Ekana Cricket Stadium, Lucknow",Lucknow Super Giants,Royal Challengers Bengaluru,Lucknow Super Giants,9,,
1529294,2026,2026-05-08,"Arun Jaitley Stadium, Delhi",Delhi Capitals,Kolkata Knight Riders,Kolkata Knight Riders,,8,
1529295,2026,2026-05-09,"Sawai Mansingh Stadium, Jaipur",Gujarat Titans,Rajasthan Royals,Gujarat Titans,77,,
1529296,2026,2026-05-10,"MA Chidambaram Stadium, Chepauk, Chennai",Lucknow Super Giants,Chennai Super Kings,Chennai Super Kings,,5,
1529297,2026,2026-05-10,"Shaheed Veer Narayan Singh International Stadium, Raipur",Mumbai Indians,Royal Challengers Bengaluru,Royal Challengers Bengaluru,,2,
1529298,2026,2026-05-11,"Himachal Pradesh Cricket Association Stadium, Dharamsala",Punjab Kings,Delhi Capitals,Delhi Capitals,,3,
1529299,2026,2026-05-12,"Narendra Modi Stadium, Ahmedabad",Gujarat Titans,Sunrisers Hyderabad,Gujarat Titans,82,,
1529300,2026,2026-05-13,"Shaheed Veer Narayan Singh International Stadium, Raipur",Kolkata Knight Riders,Royal Challengers Bengaluru,Royal Challengers Bengaluru,,6,
1529301,2026,2026-05-14,"Himachal Pradesh Cricket Association Stadium, Dharamsala",Punjab Kings,Mumbai Indians,Mumbai Indians,,6,
1529302,2026,2026-05-15,"Bharat Ratna Shri Atal Bihari Vajpayee Ekana Cricket Stadium, Lucknow",Chennai Super Kings,Lucknow Super Giants,Lucknow Super Giants,,7,
1529303,2026,2026-05-16,"Eden Gardens, Kolkata",Kolkata Knight Riders,Gujarat Titans,Kolkata Knight Riders,29,,
1529304,2026,2026-05-17,"Himachal Pradesh Cricket Association Stadium, Dharamsala",Royal Challengers Bengaluru,Punjab Kings,Royal Challengers Bengaluru,23,,
1529305,2026,2026-05-17,"Arun Jaitley Stadium, Delhi",Rajasthan Royals,Delhi Capitals,Delhi Capitals,,5,
1529306,2026,2026-05-18,"MA Chidambaram Stadium, Chepauk, Chennai",Chennai Super Kings,Sunrisers Hyderabad,Sunrisers Hyderabad,,5,
1529307,2026,2026-05-19,"Sawai Mansingh Stadium, Jaipur",Lucknow Super Giants,Rajasthan Royals,Rajasthan Royals,,7,
1529308,2026,2026-05-20,"Eden Gardens, Kolkata",Mumbai Indians,Kolkata Knight Riders,Kolkata Knight Riders,,4,
1529309,2026,2026-05-21,"Narendra Modi Stadium, Ahmedabad",Gujarat Titans,Chennai Super Kings,Gujarat Titans,89,,
1529310,2026,2026-05-22,"Rajiv Gandhi International Stadium, Uppal, Hyderabad",Sunrisers Hyderabad,Royal Challengers Bengaluru,Sunrisers Hyderabad,55,,
1529311,2026,2026-05-23,"Bharat Ratna Shri Atal Bihari Vajpayee Ekana Cricket Stadium, Lucknow",Lucknow Super Giants,Punjab Kings,Punjab Kings,,7,
1529312,2026,2026-05-24,"Wankhede Stadium, Mumbai",Rajasthan Royals,Mumbai Indians,Rajasthan Royals,30,,
1529313,2026,2026-05-24,"Eden Gardens, Kolkata",Delhi Capitals,Kolkata Knight Riders,Delhi Capitals,40,,
1535462,2026,2026-05-26,"Himachal Pradesh Cricket Association Stadium, Dharamsala",Royal Challengers Bengaluru,Gujarat Titans,Royal Challengers Bengaluru,92,,
1535463,2026,2026-05-27,"Maharaja Yadavindra Singh International Cricket Stadium, New Chandigarh",Rajasthan Royals,Sunrisers Hyderabad,Rajasthan Royals,47,,
1535464,2026,2026-05-29,"Maharaja Yadavindra Singh International Cricket Stadium, New Chandigarh",Rajasthan Royals,Gujarat Titans,Gujarat Titans,,7,
1535465,2026,2026-05-31,"Narendra Modi Stadium, Ahmedabad",Gujarat Titans,Royal Challengers Bengaluru,Royal Challengers Bengaluru,,5,
335982,2007/08,2008-04-18,M Chinnaswamy Stadium,Royal Challengers Bangalore,Kolkata Knight Riders,Kolkata Knight Riders,140,,
335983,2007/08,2008-04-19,"Punjab Cricket Association Stadium, Mohali",Kings XI Punjab,Chennai Super Kings,Chennai Super Kings,33,,
335984,2007/08,2008-04-19,Feroz Shah Kotla,Delhi Daredevils,Rajasthan Royals,Delhi Daredevils,,9,
335985,2007/08,2008-04-20,Wankhede Stadium,Mumbai Indians,Royal Challengers Bangalore,Royal Challengers Bangalore,,5,
335986,2007/08,2008-04-20,Eden Gardens,Kolkata Knight Riders,Deccan Chargers,Kolkata Knight Riders,,5,
335987,2007/08,2008-04-21,Sawai Mansingh Stadium,Rajasthan Royals,Kings XI Punjab,Rajasthan Royals,,6,
335988,2007/08,2008-04-22,"Rajiv Gandhi International Stadium, Uppal",Deccan Chargers,Delhi Daredevils,Delhi Daredevils,,9,
335989,2007/08,2008-04-23,"MA Chidambaram Stadium, Chepauk",Chennai Super Kings,Mumbai Indians,Chennai Super Kings,6,,
335990,2007/08,2008-04-24,"Rajiv Gandhi International Stadium, Uppal",Deccan Chargers,Rajasthan Royals,Rajasthan Royals,,3,
335991,2007/08,2008-04-25,"Punjab Cricket Association Stadium, Mohali",Kings XI Punjab,Mumbai Indians,Kings XI Punjab,66,,
335992,2007/08,2008-04-26,M Chinnaswamy Stadium,Royal Challengers Bangalore,Rajasthan Royals,Rajasthan Royals,,7,
335993,2007/08,2008-04-26,"MA Chidambaram Stadium, Chepauk",Chennai Super Kings,Kolkata Knight Riders,Chennai Super Kings,,9,
335994,2007/08,2008-04-27,Dr DY Patil Sports Academy,Mumbai Indians,Deccan Chargers,Deccan Chargers,,10,
335995,2007/08,2008-04-27,"Punjab Cricket Association Stadium, Mohali",Kings XI Punjab,Delhi Daredevils,Kings XI Punjab,,4,
335996,2007/08,2008-04-28,M Chinnaswamy Stadium,Royal Challengers Bangalore,Chennai Super Kings,Chennai Super Kings,13,,
335997,2007/08,2008-04-29,Eden Gardens,Kolkata Knight Riders,Mumbai Indians,Mumbai Indians,,7,
335998,2007/08,2008-04-30,Feroz Shah Kotla,Delhi Daredevils,Royal Challengers Bangalore,Delhi Daredevils,10,,
335999,2007/08,2008-05-01,"Rajiv Gandhi International Stadium, Uppal",Deccan Chargers,Kings XI Punjab,Kings XI Punjab,,7,
336000,2007/08,2008-05-01,Sawai Mansingh Stadium,Rajasthan Royals,Kolkata Knight Riders,Rajasthan Royals,45,,
336001,2007/08,2008-05-02,"MA Chidambaram Stadium, Chepauk",Chennai Super Kings,Delhi Daredevils,Delhi Daredevils,,8,
336002,2007/08,2008-05-25,"Rajiv Gandhi International Stadium, Uppal",Deccan Chargers,Royal Challengers Bangalore,Royal Challengers Bangalore,,5,
336003,2007/08,2008-05-03,"Punjab Cricket Association Stadium, Mohali",Kings XI Punjab,Kolkata Knight Riders,Kings XI Punjab,9,,
336004,2007/08,2008-05-04,Dr DY Patil Sports Academy,Mumbai Indians,Delhi Daredevils,Mumbai Indians,29,,
336005,2007/08,2008-05-04,Sawai Mansingh Stadium,Rajasthan Royals,Chennai Super Kings,Rajasthan Royals,,8,
336006,2007/08,2008-05-05,M Chinnaswamy Stadium,Royal Challengers Bangalore,Kings XI Punjab,Kings XI Punjab,,6,
336007,2007/08,2008-05-06,"MA Chidambaram Stadium, Chepauk",Chennai Super Kings,Deccan Chargers,Deccan Chargers,,7,
336008,2007/08,2008-05-07,Dr DY Patil Sports Academy,Mumbai Indians,Rajasthan Royals,Mumbai Indians,,7,
336009,2007/08,2008-05-08,Feroz Shah Kotla,Delhi Daredevils,Chennai Super Kings,Chennai Super Kings,,4,
336010,2007/08,2008-05-08,Eden Gardens,Kolkata Knight Riders,Royal Challengers Bangalore,Kolkata Knight Riders,5,,
336011,2007/08,2008-05-09,Sawai Mansingh Stadium,Rajasthan Royals,Deccan Chargers,Rajasthan Royals,,8,
336012,2007/08,2008-05-28,M Chinnaswamy Stadium,Royal Challengers Bangalore,Mumbai Indians,Mumbai Indians,,9,
336013,2007/08,2008-05-10,"MA Chidambaram Stadium, Chepauk",Chennai Super Kings,Kings XI Punjab,Chennai Super Kings,18,,
336014,2007/08,2008-05-11,"Rajiv Gandhi International Stadium, Uppal",Deccan Chargers,Kolkata Knight Riders,Kolkata Knight Riders,23,,
336015,2007/08,2008-05-11,Sawai Mansingh Stadium,Rajasthan Royals,Delhi Daredevils,Rajasthan Royals,,3,
336016,2007/08,2008-05-12,"Punjab Cricket Association Stadium, Mohali",Kings XI Punjab,Royal Challengers Bangalore,Kings XI Punjab,,9,
336017,2007/08,2008-05-13,Eden Gardens,Kolkata Knight Riders,Delhi Daredevils,Kolkata Knight Riders,23,,
336018,2007/08,2008-05-14,Wankhede Stadium,Mumbai Indians,Chennai Super Kings,Mumbai Indians,,9,
336019,2007/08,2008-05-28,"Punjab Cricket Association Stadium, Mohali",Kings XI Punjab,Rajasthan Royals,Kings XI Punjab,41,,
336020,2007/08,2008-05-15,Feroz Shah Kotla,Delhi Daredevils,Deccan Chargers,Delhi Daredevils,12,,
336021,2007/08,2008-05-16,Wankhede Stadium,Mumbai Indians,Kolkata Knight Riders,Mumbai Indians,,8,
336022,2007/08,2008-05-17,Feroz Shah Kotla,Delhi Daredevils,Kings XI Punjab,Kings XI Punjab,6,,
336023,2007/08,2008-05-17,Sawai Mansingh Stadium,Rajasthan Royals,Royal Challengers Bangalore,Rajasthan Royals,65,,
336024,2007/08,2008-05-18,"Rajiv Gandhi International Stadium, Uppal",Deccan Chargers,Mumbai Indians,Mumbai Indians,25,,
336025,2007/08,2008-05-18,Eden Gardens,Kolkata Knight Riders,Chennai Super Kings,Chennai Super Kings,3,,
336026,2007/08,2008-05-19,M Chinnaswamy Stadium,Royal Challengers Bangalore,Delhi Daredevils,Delhi Daredevils,,5,
336027,2007/08,2008-05-20,Eden Gardens,Kolkata Knight Riders,Rajasthan Royals,Rajasthan Royals,,6,
336028,2007/08,2008-05-21,Wankhede Stadium,Mumbai Indians,Kings XI Punjab,Kings XI Punjab,1,,
336029,2007/08,2008-05-21,"MA Chidambaram Stadium, Chepauk",Chennai Super Kings,Royal Challengers Bangalore,Royal Challengers Bangalore,14,,
336031,2007/08,2008-05-23,"Punjab Cricket Association Stadium, Mohali",Kings XI Punjab,Deccan Chargers,Kings XI Punjab,,6,
336032,2007/08,2008-05-24,Feroz Shah Kotla,Delhi Daredevils,Mumbai Indians,Delhi Daredevils,,5,
336033,2007/08,2008-05-24,"MA Chidambaram Stadium, Chepauk",Chennai Super Kings,Rajasthan Royals,Rajasthan Royals,10,,
336034,2007/08,2008-05-03,M Chinnaswamy Stadium,Royal Challengers Bangalore,Deccan Chargers,Royal Challengers Bangalore,3,,
336035,2007/08,2008-05-25,Eden Gardens,Kolkata Knight Riders,Kings XI Punjab,Kolkata Knight Riders,,3,
336036,2007/08,2008-05-26,Sawai Mansingh Stadium,Rajasthan Royals,Mumbai Indians,Rajasthan Royals,,5,
336037,2007/08,2008-05-27,"Rajiv Gandhi International Stadium, Uppal",Deccan Chargers,Chennai Super Kings,Chennai Super Kings,,7,
336038,2007/08,2008-05-30,Wankhede Stadium,Delhi Daredevils,Rajasthan Royals,Rajasthan Royals,105,,
336039,2007/08,2008-05-31,Wankhede Stadium,Chennai Super Kings,Kings XI Punjab,Chennai Super Kings,,9,
336040,2007/08,2008-06-01,Dr DY Patil Sports Academy,Chennai Super Kings,Rajasthan Royals,Rajasthan Royals,,3,
392181,2009,2009-04-18,Newlands,Chennai Super Kings,Mumbai Indians,Mumbai Indians,19,,
392182,2009,2009-04-18,Newlands,Royal Challengers Bangalore,Rajasthan Royals,Royal Challengers Bangalore,75,,
392183,2009,2009-04-19,Newlands,Delhi Daredevils,Kings XI Punjab,Delhi Daredevils,,10,
392184,2009,2009-04-19,Newlands,Deccan Chargers,Kolkata Knight Riders,Deccan Chargers,,8,
392185,2009,2009-04-20,St George's Park,Royal Challengers Bangalore,Chennai Super Kings,Chennai Super Kings,92,,
392186,2009,2009-04-21,Kingsmead,Kings XI Punjab,Kolkata Knight Riders,Kolkata Knight Riders,11,,
392188,2009,2009-04-22,Newlands,Royal Challengers Bangalore,Deccan Chargers,Deccan Chargers,24,,
392189,2009,2009-04-23,Kingsmead,Chennai Super Kings,Delhi Daredevils,Delhi Daredevils,9,,
392190,2009,2009-04-23,Newlands,Kolkata Knight Riders,Rajasthan Royals,,,,
392191,2009,2009-04-24,Kingsmead,Royal Challengers Bangalore,Kings XI Punjab,Kings XI Punjab,,7,
392192,2009,2009-04-25,Kingsmead,Deccan Chargers,Mumbai Indians,Deccan Chargers,12,,
392194,2009,2009-04-26,St George's Park,Royal Challengers Bangalore,Delhi Daredevils,Delhi Daredevils,,6,
392195,2009,2009-04-26,Newlands,Kings XI Punjab,Rajasthan Royals,Kings XI Punjab,27,,
392196,2009,2009-04-27,Kingsmead,Chennai Super Kings,Deccan Chargers,Deccan Chargers,,6,
392197,2009,2009-04-27,St George's Park,Kolkata Knight Riders,Mumbai Indians,Mumbai Indians,92,,
392198,2009,2009-04-28,SuperSport Park,Delhi Daredevils,Rajasthan Royals,Rajasthan Royals,,5,
392199,2009,2009-04-29,Kingsmead,Royal Challengers Bangalore,Kolkata Knight Riders,Royal Challengers Bangalore,,5,
392200,2009,2009-04-29,Kingsmead,Kings XI Punjab,Mumbai Indians,Kings XI Punjab,3,,
392201,2009,2009-04-30,SuperSport Park,Deccan Chargers,Delhi Daredevils,Delhi Daredevils,,6,
392202,2009,2009-04-30,SuperSport Park,Chennai Super Kings,Rajasthan Royals,Chennai Super Kings,38,,
392203,2009,2009-05-01,Buffalo Park,Kolkata Knight Riders,Mumbai Indians,Mumbai Indians,9,,
392204,2009,2009-05-01,Kingsmead,Royal Challengers Bangalore,Kings XI Punjab,Royal Challengers Bangalore,8,,
392205,2009,2009-05-02,St George's Park,Deccan Chargers,Rajasthan Royals,Rajasthan Royals,,3,
392206,2009,2009-05-02,New Wanderers Stadium,Chennai Super Kings,Delhi Daredevils,Chennai Super Kings,18,,
392207,2009,2009-05-03,St George's Park,Kings XI Punjab,Kolkata Knight Riders,Kings XI Punjab,,6,
392208,2009,2009-05-03,New Wanderers Stadium,Royal Challengers Bangalore,Mumbai Indians,Royal Challengers Bangalore,,9,
392209,2009,2009-05-04,Buffalo Park,Chennai Super Kings,Deccan Chargers,Chennai Super Kings,78,,
392210,2009,2009-05-05,Kingsmead,Kings XI Punjab,Rajasthan Royals,Rajasthan Royals,78,,
392211,2009,2009-05-05,Kingsmead,Delhi Daredevils,Kolkata Knight Riders,Delhi Daredevils,,9,
392212,2009,2009-05-06,SuperSport Park,Deccan Chargers,Mumbai Indians,Deccan Chargers,19,,
392213,2009,2009-05-07,SuperSport Park,Royal Challengers Bangalore,Rajasthan Royals,Rajasthan Royals,,7,
392214,2009,2009-05-07,SuperSport Park,Chennai Super Kings,Kings XI Punjab,Chennai Super Kings,12,,
392215,2009,2009-05-08,Buffalo Park,Delhi Daredevils,Mumbai Indians,Delhi Daredevils,,7,
392216,2009,2009-05-09,De Beers Diamond Oval,Deccan Chargers,Kings XI Punjab,Kings XI Punjab,,3,
392217,2009,2009-05-09,De Beers Diamond Oval,Chennai Super Kings,Rajasthan Royals,Chennai Super Kings,,7,
392218,2009,2009-05-10,St George's Park,Royal Challengers Bangalore,Mumbai Indians,Mumbai Indians,16,,
392219,2009,2009-05-10,New Wanderers Stadium,Delhi Daredevils,Kolkata Knight Riders,Delhi Daredevils,,7,
392220,2009,2009-05-11,De Beers Diamond Oval,Deccan Chargers,Rajasthan Royals,Deccan Chargers,53,,
392221,2009,2009-05-12,SuperSport Park,Royal Challengers Bangalore,Kolkata Knight Riders,Royal Challengers Bangalore,,6,
392222,2009,2009-05-12,SuperSport Park,Kings XI Punjab,Mumbai Indians,Mumbai Indians,,8,
392223,2009,2009-05-13,Kingsmead,Deccan Chargers,Delhi Daredevils,Delhi Daredevils,12,,
392224,2009,2009-05-14,Kingsmead,Royal Challengers Bangalore,Chennai Super Kings,Royal Challengers Bangalore,,2,
392225,2009,2009-05-14,Kingsmead,Mumbai Indians,Rajasthan Royals,Rajasthan Royals,2,,
392226,2009,2009-05-15,OUTsurance Oval,Delhi Daredevils,Kings XI Punjab,Kings XI Punjab,,6,
392227,2009,2009-05-16,St George's Park,Chennai Super Kings,Mumbai Indians,Chennai Super Kings,,7,
392228,2009,2009-05-16,New Wanderers Stadium,Deccan Chargers,Kolkata Knight Riders,Deccan Chargers,,6,
392229,2009,2009-05-17,New Wanderers Stadium,Deccan Chargers,Kings XI Punjab,Kings XI Punjab,1,,
392230,2009,2009-05-17,OUTsurance Oval,Delhi Daredevils,Rajasthan Royals,Delhi Daredevils,14,,
392231,2009,2009-05-18,SuperSport Park,Chennai Super Kings,Kolkata Knight Riders,Kolkata Knight Riders,,7,
392232,2009,2009-05-19,New Wanderers Stadium,Royal Challengers Bangalore,Delhi Daredevils,Royal Challengers Bangalore,,7,
392233,2009,2009-05-20,Kingsmead,Kolkata Knight Riders,Rajasthan Royals,Kolkata Knight Riders,,4,
392234,2009,2009-05-20,Kingsmead,Chennai Super Kings,Kings XI Punjab,Chennai Super Kings,24,,
392235,2009,2009-05-21,SuperSport Park,Delhi Daredevils,Mumbai Indians,Delhi Daredevils,,4,
392236,2009,2009-05-21,SuperSport Park,Royal Challengers Bangalore,Deccan Chargers,Royal Challengers Bangalore,12,,
392237,2009,2009-05-22,SuperSport Park,Delhi Daredevils,Deccan Chargers,Deccan Chargers,,6,
392238,2009,2009-05-23,New Wanderers Stadium,Royal Challengers Bangalore,Chennai Super Kings,Royal Challengers Bangalore,,6,
392239,2009,2009-05-24,New Wanderers Stadium,Royal Challengers Bangalore,Deccan Chargers,Deccan Chargers,6,,
419106,2009/10,2010-03-12,Dr DY Patil Sports Academy,Deccan Chargers,Kolkata Knight Riders,Kolkata Knight Riders,11,,
419107,2009/10,2010-03-13,Brabourne Stadium,Mumbai Indians,Rajasthan Royals,Mumbai Indians,4,,
419108,2009/10,2010-03-13,"Punjab Cricket Association Stadium, Mohali",Kings XI Punjab,Delhi Daredevils,Delhi Daredevils,,5,
419109,2009/10,2010-03-14,Eden Gardens,Kolkata Knight Riders,Royal Challengers Bangalore,Kolkata Knight Riders,,7,
419110,2009/10,2010-03-14,"MA Chidambaram Stadium, Chepauk",Chennai Super Kings,Deccan Chargers,Deccan Chargers,31,,
419111,2009/10,2010-03-15,"Sardar Patel Stadium, Motera",Rajasthan Royals,Delhi Daredevils,Delhi Daredevils,,6,
419112,2009/10,2010-03-16,M Chinnaswamy Stadium,Royal Challengers Bangalore,Kings XI Punjab,Royal Challengers Bangalore,,8,
419113,2009/10,2010-03-16,Eden Gardens,Kolkata Knight Riders,Chennai Super Kings,Chennai Super Kings,55,,
419114,2009/10,2010-03-17,Feroz Shah Kotla,Delhi Daredevils,Mumbai Indians,Mumbai Indians,98,,
419115,2009/10,2010-03-18,M Chinnaswamy Stadium,Royal Challengers Bangalore,Rajasthan Royals,Royal Challengers Bangalore,,10,
419116,2009/10,2010-03-19,Feroz Shah Kotla,Delhi Daredevils,Chennai Super Kings,Chennai Super Kings,,5,
419117,2009/10,2010-03-19,Barabati Stadium,Deccan Chargers,Kings XI Punjab,Deccan Chargers,6,,
419118,2009/10,2010-03-20,"Sardar Patel Stadium, Motera",Rajasthan Royals,Kolkata Knight Riders,Rajasthan Royals,34,,
419119,2009/10,2010-03-20,Brabourne Stadium,Mumbai Indians,Royal Challengers Bangalore,Royal Challengers Bangalore,,7,
419120,2009/10,2010-03-21,Barabati Stadium,Deccan Chargers,Delhi Daredevils,Deccan Chargers,10,,
419121,2009/10,2010-03-21,"MA Chidambaram Stadium, Chepauk",Chennai Super Kings,Kings XI Punjab,,,,
419122,2009/10,2010-03-22,Brabourne Stadium,Mumbai Indians,Kolkata Knight Riders,Mumbai Indians,,7,
419123,2009/10,2010-03-23,M Chinnaswamy Stadium,Royal Challengers Bangalore,Chennai Super Kings,Royal Challengers Bangalore,36,,
419124,2009/10,2010-03-24,"Punjab Cricket Association Stadium, Mohali",Kings XI Punjab,Rajasthan Royals,Rajasthan Royals,31,,
419125,2009/10,2010-03-25,"Brabourne Stadium, Mumbai",Chennai Super Kings,Mumbai Indians,Mumbai Indians,,5,
419126,2009/10,2010-03-26,"Sardar Patel Stadium, Motera",Rajasthan Royals,Deccan Chargers,Rajasthan Royals,,8,
419127,2009/10,2010-03-27,"Punjab Cricket Association Stadium, Mohali",Kings XI Punjab,Kolkata Knight Riders,Kolkata Knight Riders,39,,
419128,2009/10,2010-03-25,M Chinnaswamy Stadium,Royal Challengers Bangalore,Delhi Daredevils,Delhi Daredevils,17,,
419129,2009/10,2010-03-28,"Sardar Patel Stadium, Motera",Rajasthan Royals,Chennai Super Kings,Rajasthan Royals,17,,
419130,2009/10,2010-03-28,Dr DY Patil Sports Academy,Deccan Chargers,Mumbai Indians,Mumbai Indians,41,,
419131,2009/10,2010-03-29,Feroz Shah Kotla,Delhi Daredevils,Kolkata Knight Riders,Delhi Daredevils,40,,
419132,2009/10,2010-03-30,Brabourne Stadium,Mumbai Indians,Kings XI Punjab,Mumbai Indians,,4,
419133,2009/10,2010-03-31,"MA Chidambaram Stadium, Chepauk",Chennai Super Kings,Royal Challengers Bangalore,Chennai Super Kings,,5,
419134,2009/10,2010-03-31,Feroz Shah Kotla,Delhi Daredevils,Rajasthan Royals,Delhi Daredevils,67,,
419135,2009/10,2010-04-01,Eden Gardens,Kolkata Knight Riders,Deccan Chargers,Kolkata Knight Riders,24,,
419136,2009/10,2010-04-02,"Punjab Cricket Association Stadium, Mohali",Kings XI Punjab,Royal Challengers Bangalore,Royal Challengers Bangalore,,6,
419137,2009/10,2010-04-03,"MA Chidambaram Stadium, Chepauk",Chennai Super Kings,Rajasthan Royals,Chennai Super Kings,23,,
419138,2009/10,2010-04-03,Brabourne Stadium,Mumbai Indians,Deccan Chargers,Mumbai Indians,63,,
419139,2009/10,2010-04-04,Eden Gardens,Kolkata Knight Riders,Kings XI Punjab,Kings XI Punjab,,8,
419140,2009/10,2010-04-04,Feroz Shah Kotla,Delhi Daredevils,Royal Challengers Bangalore,Delhi Daredevils,37,,
419141,2009/10,2010-04-05,"Vidarbha Cricket Association Stadium, Jamtha",Deccan Chargers,Rajasthan Royals,Rajasthan Royals,2,,
419142,2009/10,2010-04-06,"MA Chidambaram Stadium, Chepauk",Chennai Super Kings,Mumbai Indians,Chennai Super Kings,24,,
419143,2009/10,2010-04-07,Sawai Mansingh Stadium,Rajasthan Royals,Kings XI Punjab,Rajasthan Royals,,9,
419144,2009/10,2010-04-07,Eden Gardens,Kolkata Knight Riders,Delhi Daredevils,Kolkata Knight Riders,14,,
419145,2009/10,2010-04-08,M Chinnaswamy Stadium,Royal Challengers Bangalore,Deccan Chargers,Deccan Chargers,,7,
419146,2009/10,2010-04-09,"Punjab Cricket Association Stadium, Mohali",Kings XI Punjab,Mumbai Indians,Kings XI Punjab,,6,
419147,2009/10,2010-04-10,"Vidarbha Cricket Association Stadium, Jamtha",Deccan Chargers,Chennai Super Kings,Deccan Chargers,,6,
419148,2009/10,2010-04-10,M Chinnaswamy Stadium,Royal Challengers Bangalore,Kolkata Knight Riders,Royal Challengers Bangalore,,7,
419149,2009/10,2010-04-11,Feroz Shah Kotla,Delhi Daredevils,Kings XI Punjab,Kings XI Punjab,,7,
419150,2009/10,2010-04-11,Sawai Mansingh Stadium,Rajasthan Royals,Mumbai Indians,Mumbai Indians,37,,
419151,2009/10,2010-04-12,"Vidarbha Cricket Association Stadium, Jamtha",Deccan Chargers,Royal Challengers Bangalore,Deccan Chargers,13,,
419152,2009/10,2010-04-13,Brabourne Stadium,Mumbai Indians,Delhi Daredevils,Mumbai Indians,39,,
419153,2009/10,2010-04-13,"MA Chidambaram Stadium, Chepauk",Chennai Super Kings,Kolkata Knight Riders,Chennai Super Kings,,9,
419154,2009/10,2010-04-14,Sawai Mansingh Stadium,Rajasthan Royals,Royal Challengers Bangalore,Royal Challengers Bangalore,,5,
419155,2009/10,2010-04-15,"MA Chidambaram Stadium, Chepauk",Chennai Super Kings,Delhi Daredevils,Delhi Daredevils,,6,
419156,2009/10,2010-04-16,Himachal Pradesh Cricket Association Stadium,Kings XI Punjab,Deccan Chargers,Deccan Chargers,,5,
419157,2009/10,2010-04-17,M Chinnaswamy Stadium,Royal Challengers Bangalore,Mumbai Indians,Mumbai Indians,57,,
419158,2009/10,2010-04-17,Eden Gardens,Kolkata Knight Riders,Rajasthan Royals,Kolkata Knight Riders,,8,
419159,2009/10,2010-04-18,Himachal Pradesh Cricket Association Stadium,Kings XI Punjab,Chennai Super Kings,Chennai Super Kings,,6,
419160,2009/10,2010-04-18,Feroz Shah Kotla,Delhi Daredevils,Deccan Chargers,Deccan Chargers,11,,
419161,2009/10,2010-04-19,Eden Gardens,Kolkata Knight Riders,Mumbai Indians,Kolkata Knight Riders,,9,
419162,2009/10,2010-04-21,Dr DY Patil Sports Academy,Royal Challengers Bangalore,Mumbai Indians,Mumbai Indians,35,,
419163,2009/10,2010-04-22,Dr DY Patil Sports Academy,Chennai Super Kings,Deccan Chargers,Chennai Super Kings,38,,
419164,2009/10,2010-04-24,Dr DY Patil Sports Academy,Royal Challengers Bangalore,Deccan Chargers,Royal Challengers Bangalore,,9,
419165,2009/10,2010-04-25,Dr DY Patil Sports Academy,Chennai Super Kings,Mumbai Indians,Chennai Super Kings,22,,
501198,2011,2011-04-08,"MA Chidambaram Stadium, Chepauk",Chennai Super Kings,Kolkata Knight Riders,Chennai Super Kings,2,,
501199,2011,2011-04-09,"Rajiv Gandhi International Stadium, Uppal",Deccan Chargers,Rajasthan Royals,Rajasthan Royals,,8,
501200,2011,2011-04-09,Nehru Stadium,Kochi Tuskers Kerala,Royal Challengers Bangalore,Royal Challengers Bangalore,,6,
501201,2011,2011-04-10,Feroz Shah Kotla,Delhi Daredevils,Mumbai Indians,Mumbai Indians,,8,
501202,2011,2011-04-10,Dr DY Patil Sports Academy,Pune Warriors,Kings XI Punjab,Pune Warriors,,7,
501203,2011,2011-04-11,Eden Gardens,Kolkata Knight Riders,Deccan Chargers,Kolkata Knight Riders,9,,
501204,2011,2011-04-12,Sawai Mansingh Stadium,Rajasthan Royals,Delhi Daredevils,Rajasthan Royals,,6,
501205,2011,2011-04-12,M Chinnaswamy Stadium,Royal Challengers Bangalore,Mumbai Indians,Mumbai Indians,,9,
501206,2011,2011-04-13,"Punjab Cricket Association Stadium, Mohali",Kings XI Punjab,Chennai Super Kings,Kings XI Punjab,,6,
501207,2011,2011-04-13,Dr DY Patil Sports Academy,Pune Warriors,Kochi Tuskers Kerala,Pune Warriors,,4,
501208,2011,2011-04-14,"Rajiv Gandhi International Stadium, Uppal",Deccan Chargers,Royal Challengers Bangalore,Deccan Chargers,33,,
501209,2011,2011-04-15,Sawai Mansingh Stadium,Rajasthan Royals,Kolkata Knight Riders,Kolkata Knight Riders,,9,
501210,2011,2011-04-15,Wankhede Stadium,Mumbai Indians,Kochi Tuskers Kerala,Kochi Tuskers Kerala,,8,
501211,2011,2011-04-16,"MA Chidambaram Stadium, Chepauk",Chennai Super Kings,Royal Challengers Bangalore,Chennai Super Kings,21,,
501212,2011,2011-04-16,"Rajiv Gandhi International Stadium, Uppal",Deccan Chargers,Kings XI Punjab,Kings XI Punjab,,8,
501213,2011,2011-04-17,Dr DY Patil Sports Academy,Pune Warriors,Delhi Daredevils,Delhi Daredevils,,3,
501214,2011,2011-04-17,Eden Gardens,Kolkata Knight Riders,Rajasthan Royals,Kolkata Knight Riders,,8,
501215,2011,2011-04-18,Nehru Stadium,Kochi Tuskers Kerala,Chennai Super Kings,Kochi Tuskers Kerala,,7,
501216,2011,2011-04-19,Feroz Shah Kotla,Delhi Daredevils,Deccan Chargers,Deccan Chargers,16,,
501218,2011,2011-04-20,Wankhede Stadium,Mumbai Indians,Pune Warriors,Mumbai Indians,,7,
501219,2011,2011-04-20,Eden Gardens,Kolkata Knight Riders,Kochi Tuskers Kerala,Kochi Tuskers Kerala,6,,
501220,2011,2011-04-21,"Punjab Cricket Association Stadium, Mohali",Kings XI Punjab,Rajasthan Royals,Kings XI Punjab,48,,
501221,2011,2011-04-22,Wankhede Stadium,Mumbai Indians,Chennai Super Kings,Mumbai Indians,8,,
501222,2011,2011-04-22,Eden Gardens,Kolkata Knight Riders,Royal Challengers Bangalore,Royal Challengers Bangalore,,9,
501223,2011,2011-04-23,Feroz Shah Kotla,Delhi Daredevils,Kings XI Punjab,Delhi Daredevils,29,,
501224,2011,2011-04-24,"Rajiv Gandhi International Stadium, Uppal",Deccan Chargers,Mumbai Indians,Mumbai Indians,37,,
501225,2011,2011-04-24,Sawai Mansingh Stadium,Rajasthan Royals,Kochi Tuskers Kerala,Rajasthan Royals,,8,
501226,2011,2011-04-25,"MA Chidambaram Stadium, Chepauk",Chennai Super Kings,Pune Warriors,Chennai Super Kings,25,,
501227,2011,2011-04-26,Feroz Shah Kotla,Delhi Daredevils,Royal Challengers Bangalore,Royal Challengers Bangalore,,3,
501228,2011,2011-04-27,Dr DY Patil Sports Academy,Pune Warriors,Chennai Super Kings,Chennai Super Kings,,8,
501229,2011,2011-04-27,Nehru Stadium,Kochi Tuskers Kerala,Deccan Chargers,Deccan Chargers,55,,
501230,2011,2011-04-28,Feroz Shah Kotla,Delhi Daredevils,Kolkata Knight Riders,Kolkata Knight Riders,17,,
501231,2011,2011-04-29,Sawai Mansingh Stadium,Rajasthan Royals,Mumbai Indians,Rajasthan Royals,,7,
501232,2011,2011-04-29,M Chinnaswamy Stadium,Royal Challengers Bangalore,Pune Warriors,Royal Challengers Bangalore,26,,
501233,2011,2011-04-30,Nehru Stadium,Kochi Tuskers Kerala,Delhi Daredevils,Delhi Daredevils,38,,
501234,2011,2011-04-30,Eden Gardens,Kolkata Knight Riders,Kings XI Punjab,Kolkata Knight Riders,,8,
501235,2011,2011-05-01,Sawai Mansingh Stadium,Rajasthan Royals,Pune Warriors,Rajasthan Royals,,6,
501236,2011,2011-05-01,"MA Chidambaram Stadium, Chepauk",Chennai Super Kings,Deccan Chargers,Chennai Super Kings,19,,
501237,2011,2011-05-02,Wankhede Stadium,Mumbai Indians,Kings XI Punjab,Mumbai Indians,23,,
501238,2011,2011-05-02,Feroz Shah Kotla,Delhi Daredevils,Kochi Tuskers Kerala,Kochi Tuskers Kerala,,7,
501239,2011,2011-05-03,"Rajiv Gandhi International Stadium, Uppal",Deccan Chargers,Kolkata Knight Riders,Kolkata Knight Riders,20,,
501240,2011,2011-05-04,"MA Chidambaram Stadium, Chepauk",Chennai Super Kings,Rajasthan Royals,Chennai Super Kings,,8,
501241,2011,2011-05-04,Dr DY Patil Sports Academy,Pune Warriors,Mumbai Indians,Mumbai Indians,21,,
501242,2011,2011-05-05,Nehru Stadium,Kochi Tuskers Kerala,Kolkata Knight Riders,Kochi Tuskers Kerala,17,,
501243,2011,2011-05-05,"Rajiv Gandhi International Stadium, Uppal",Deccan Chargers,Delhi Daredevils,Delhi Daredevils,,4,
501244,2011,2011-05-06,M Chinnaswamy Stadium,Royal Challengers Bangalore,Kings XI Punjab,Royal Challengers Bangalore,85,,
501245,2011,2011-05-07,Eden Gardens,Kolkata Knight Riders,Chennai Super Kings,Kolkata Knight Riders,10,,
501246,2011,2011-05-07,Wankhede Stadium,Mumbai Indians,Delhi Daredevils,Mumbai Indians,32,,
501247,2011,2011-05-08,M Chinnaswamy Stadium,Royal Challengers Bangalore,Kochi Tuskers Kerala,Royal Challengers Bangalore,,9,
501248,2011,2011-05-08,"Punjab Cricket Association Stadium, Mohali",Kings XI Punjab,Pune Warriors,Pune Warriors,,5,
501249,2011,2011-05-09,Sawai Mansingh Stadium,Rajasthan Royals,Chennai Super Kings,Chennai Super Kings,63,,
501250,2011,2011-05-10,"Rajiv Gandhi International Stadium, Uppal",Deccan Chargers,Pune Warriors,Pune Warriors,,6,
501251,2011,2011-05-10,"Punjab Cricket Association Stadium, Mohali",Kings XI Punjab,Mumbai Indians,Kings XI Punjab,76,,
501252,2011,2011-05-11,Sawai Mansingh Stadium,Rajasthan Royals,Royal Challengers Bangalore,Royal Challengers Bangalore,,9,
501253,2011,2011-05-12,"MA Chidambaram Stadium, Chepauk",Chennai Super Kings,Delhi Daredevils,Chennai Super Kings,18,,
501254,2011,2011-05-13,Holkar Cricket Stadium,Kochi Tuskers Kerala,Kings XI Punjab,Kings XI Punjab,,6,
501255,2011,2011-05-14,M Chinnaswamy Stadium,Royal Challengers Bangalore,Kolkata Knight Riders,Royal Challengers Bangalore,,4,
501256,2011,2011-05-14,Wankhede Stadium,Mumbai Indians,Deccan Chargers,Deccan Chargers,10,,
501257,2011,2011-05-15,Himachal Pradesh Cricket Association Stadium,Kings XI Punjab,Delhi Daredevils,Kings XI Punjab,29,,
501258,2011,2011-05-15,Holkar Cricket Stadium,Kochi Tuskers Kerala,Rajasthan Royals,Kochi Tuskers Kerala,,8,
501259,2011,2011-05-16,Dr DY Patil Sports Academy,Pune Warriors,Deccan Chargers,Deccan Chargers,,6,
501260,2011,2011-05-17,Himachal Pradesh Cricket Association Stadium,Kings XI Punjab,Royal Challengers Bangalore,Kings XI Punjab,111,,
501261,2011,2011-05-18,"MA Chidambaram Stadium, Chepauk",Chennai Super Kings,Kochi Tuskers Kerala,Chennai Super Kings,11,,
501262,2011,2011-05-19,Dr DY Patil Sports Academy,Pune Warriors,Kolkata Knight Riders,Kolkata Knight Riders,,7,
501263,2011,2011-05-20,Wankhede Stadium,Mumbai Indians,Rajasthan Royals,Rajasthan Royals,,10,
501264,2011,2011-05-21,Himachal Pradesh Cricket Association Stadium,Kings XI Punjab,Deccan Chargers,Deccan Chargers,82,,
501265,2011,2011-05-21,Feroz Shah Kotla,Delhi Daredevils,Pune Warriors,,,,
501266,2011,2011-05-22,M Chinnaswamy Stadium,Royal Challengers Bangalore,Chennai Super Kings,Royal Challengers Bangalore,,8,
501267,2011,2011-05-22,Eden Gardens,Kolkata Knight Riders,Mumbai Indians,Mumbai Indians,,5,
501268,2011,2011-05-24,Wankhede Stadium,Royal Challengers Bangalore,Chennai Super Kings,Chennai Super Kings,,6,
501269,2011,2011-05-25,Wankhede Stadium,Mumbai Indians,Kolkata Knight Riders,Mumbai Indians,,4,
501270,2011,2011-05-27,"MA Chidambaram Stadium, Chepauk",Royal Challengers Bangalore,Mumbai Indians,Royal Challengers Bangalore,43,,
501271,2011,2011-05-28,"MA Chidambaram Stadium, Chepauk",Chennai Super Kings,Royal Challengers Bangalore,Chennai Super Kings,58,,
548306,2012,2012-04-04,"MA Chidambaram Stadium, Chepauk",Chennai Super Kings,Mumbai Indians,Mumbai Indians,,8,
548307,2012,2012-04-05,Eden Gardens,Kolkata Knight Riders,Delhi Daredevils,Delhi Daredevils,,8,
548308,2012,2012-04-06,Wankhede Stadium,Mumbai Indians,Pune Warriors,Pune Warriors,28,,
548309,2012,2012-04-06,Sawai Mansingh Stadium,Rajasthan Royals,Kings XI Punjab,Rajasthan Royals,31,,
548310,2012,2012-04-07,M Chinnaswamy Stadium,Royal Challengers Bangalore,Delhi Daredevils,Royal Challengers Bangalore,20,,
548311,2012,2012-04-07,Dr. Y.S. Rajasekhara Reddy ACA-VDCA Cricket Stadium,Deccan Chargers,Chennai Super Kings,Chennai Super Kings,74,,
548312,2012,2012-04-08,Sawai Mansingh Stadium,Rajasthan Royals,Kolkata Knight Riders,Rajasthan Royals,22,,
548313,2012,2012-04-08,Subrata Roy Sahara Stadium,Pune Warriors,Kings XI Punjab,Pune Warriors,22,,
548314,2012,2012-04-09,Dr. Y.S. Rajasekhara Reddy ACA-VDCA Cricket Stadium,Deccan Chargers,Mumbai Indians,Mumbai Indians,,5,
548315,2012,2012-04-10,M Chinnaswamy Stadium,Royal Challengers Bangalore,Kolkata Knight Riders,Kolkata Knight Riders,42,,
548316,2012,2012-04-10,Feroz Shah Kotla,Delhi Daredevils,Chennai Super Kings,Delhi Daredevils,,8,
548317,2012,2012-04-11,Wankhede Stadium,Mumbai Indians,Rajasthan Royals,Mumbai Indians,27,,
548318,2012,2012-04-12,"MA Chidambaram Stadium, Chepauk",Chennai Super Kings,Royal Challengers Bangalore,Chennai Super Kings,,5,
548319,2012,2012-04-12,"Punjab Cricket Association Stadium, Mohali",Kings XI Punjab,Pune Warriors,Kings XI Punjab,,7,
548320,2012,2012-04-13,Eden Gardens,Kolkata Knight Riders,Rajasthan Royals,Kolkata Knight Riders,,5,
548321,2012,2012-04-19,Feroz Shah Kotla,Delhi Daredevils,Deccan Chargers,Delhi Daredevils,,5,
548322,2012,2012-04-14,Subrata Roy Sahara Stadium,Pune Warriors,Chennai Super Kings,Pune Warriors,,7,
548323,2012,2012-04-15,Eden Gardens,Kolkata Knight Riders,Kings XI Punjab,Kings XI Punjab,2,,
548324,2012,2012-04-15,M Chinnaswamy Stadium,Royal Challengers Bangalore,Rajasthan Royals,Rajasthan Royals,59,,
548325,2012,2012-04-16,Wankhede Stadium,Mumbai Indians,Delhi Daredevils,Delhi Daredevils,,7,
548326,2012,2012-04-17,Sawai Mansingh Stadium,Rajasthan Royals,Deccan Chargers,Rajasthan Royals,,5,
548327,2012,2012-04-17,M Chinnaswamy Stadium,Royal Challengers Bangalore,Pune Warriors,Royal Challengers Bangalore,,6,
548328,2012,2012-04-18,"Punjab Cricket Association Stadium, Mohali",Kings XI Punjab,Kolkata Knight Riders,Kolkata Knight Riders,,8,
548329,2012,2012-05-10,"Rajiv Gandhi International Stadium, Uppal",Deccan Chargers,Delhi Daredevils,Delhi Daredevils,,9,
548330,2012,2012-04-19,"MA Chidambaram Stadium, Chepauk",Chennai Super Kings,Pune Warriors,Chennai Super Kings,13,,
548331,2012,2012-04-20,"Punjab Cricket Association Stadium, Mohali",Kings XI Punjab,Royal Challengers Bangalore,Royal Challengers Bangalore,,5,
548332,2012,2012-04-21,"MA Chidambaram Stadium, Chepauk",Chennai Super Kings,Rajasthan Royals,Chennai Super Kings,,7,
548333,2012,2012-04-21,Feroz Shah Kotla,Delhi Daredevils,Pune Warriors,Pune Warriors,20,,
548334,2012,2012-04-22,Wankhede Stadium,Mumbai Indians,Kings XI Punjab,Kings XI Punjab,,6,
548335,2012,2012-04-22,Barabati Stadium,Deccan Chargers,Kolkata Knight Riders,Kolkata Knight Riders,,5,
548336,2012,2012-04-23,Sawai Mansingh Stadium,Rajasthan Royals,Royal Challengers Bangalore,Royal Challengers Bangalore,46,,
548337,2012,2012-04-24,Subrata Roy Sahara Stadium,Pune Warriors,Delhi Daredevils,Delhi Daredevils,,8,
548339,2012,2012-04-25,"Punjab Cricket Association Stadium, Mohali",Kings XI Punjab,Mumbai Indians,Mumbai Indians,,4,
548341,2012,2012-04-26,Subrata Roy Sahara Stadium,Pune Warriors,Deccan Chargers,Deccan Chargers,18,,
548342,2012,2012-04-27,Feroz Shah Kotla,Delhi Daredevils,Mumbai Indians,Delhi Daredevils,37,,
548343,2012,2012-04-28,"MA Chidambaram Stadium, Chepauk",Chennai Super Kings,Kings XI Punjab,Kings XI Punjab,7,,
548344,2012,2012-04-28,Eden Gardens,Kolkata Knight Riders,Royal Challengers Bangalore,Kolkata Knight Riders,47,,
548345,2012,2012-04-29,Feroz Shah Kotla,Delhi Daredevils,Rajasthan Royals,Delhi Daredevils,1,,
548346,2012,2012-04-29,Wankhede Stadium,Mumbai Indians,Deccan Chargers,Mumbai Indians,,5,
548347,2012,2012-04-30,"MA Chidambaram Stadium, Chepauk",Chennai Super Kings,Kolkata Knight Riders,Kolkata Knight Riders,,5,
548348,2012,2012-05-01,Barabati Stadium,Deccan Chargers,Pune Warriors,Deccan Chargers,13,,
548349,2012,2012-05-01,Sawai Mansingh Stadium,Rajasthan Royals,Delhi Daredevils,Delhi Daredevils,,6,
548350,2012,2012-05-02,M Chinnaswamy Stadium,Royal Challengers Bangalore,Kings XI Punjab,Kings XI Punjab,,4,
548351,2012,2012-05-03,Subrata Roy Sahara Stadium,Pune Warriors,Mumbai Indians,Mumbai Indians,1,,
548352,2012,2012-05-04,"MA Chidambaram Stadium, Chepauk",Chennai Super Kings,Deccan Chargers,Chennai Super Kings,10,,
548353,2012,2012-05-05,Eden Gardens,Kolkata Knight Riders,Pune Warriors,Kolkata Knight Riders,7,,
548354,2012,2012-05-05,"Punjab Cricket Association Stadium, Mohali",Kings XI Punjab,Rajasthan Royals,Rajasthan Royals,43,,
548355,2012,2012-05-06,Wankhede Stadium,Mumbai Indians,Chennai Super Kings,Mumbai Indians,,2,
548356,2012,2012-05-06,M Chinnaswamy Stadium,Royal Challengers Bangalore,Deccan Chargers,Royal Challengers Bangalore,,5,
548357,2012,2012-05-07,Feroz Shah Kotla,Delhi Daredevils,Kolkata Knight Riders,Kolkata Knight Riders,,6,
548358,2012,2012-05-08,Subrata Roy Sahara Stadium,Pune Warriors,Rajasthan Royals,Rajasthan Royals,,7,
548359,2012,2012-05-08,"Rajiv Gandhi International Stadium, Uppal",Deccan Chargers,Kings XI Punjab,Kings XI Punjab,25,,
548360,2012,2012-05-09,Wankhede Stadium,Mumbai Indians,Royal Challengers Bangalore,Royal Challengers Bangalore,,9,
548361,2012,2012-05-10,Sawai Mansingh Stadium,Rajasthan Royals,Chennai Super Kings,Chennai Super Kings,,4,
548362,2012,2012-05-11,Subrata Roy Sahara Stadium,Pune Warriors,Royal Challengers Bangalore,Royal Challengers Bangalore,35,,
548363,2012,2012-05-12,Eden Gardens,Kolkata Knight Riders,Mumbai Indians,Mumbai Indians,27,,
548364,2012,2012-05-12,"MA Chidambaram Stadium, Chepauk",Chennai Super Kings,Delhi Daredevils,Chennai Super Kings,,9,
548365,2012,2012-05-13,Sawai Mansingh Stadium,Rajasthan Royals,Pune Warriors,Rajasthan Royals,45,,
548366,2012,2012-05-13,"Punjab Cricket Association Stadium, Mohali",Kings XI Punjab,Deccan Chargers,Kings XI Punjab,,4,
548367,2012,2012-05-14,M Chinnaswamy Stadium,Royal Challengers Bangalore,Mumbai Indians,Mumbai Indians,,5,
548368,2012,2012-05-14,Eden Gardens,Kolkata Knight Riders,Chennai Super Kings,Chennai Super Kings,,5,
548369,2012,2012-05-15,Feroz Shah Kotla,Delhi Daredevils,Kings XI Punjab,Delhi Daredevils,,5,
548370,2012,2012-05-16,Wankhede Stadium,Mumbai Indians,Kolkata Knight Riders,Kolkata Knight Riders,32,,
548371,2012,2012-05-17,Himachal Pradesh Cricket Association Stadium,Kings XI Punjab,Chennai Super Kings,Kings XI Punjab,,6,
548372,2012,2012-05-17,Feroz Shah Kotla,Delhi Daredevils,Royal Challengers Bangalore,Royal Challengers Bangalore,21,,
548373,2012,2012-05-18,"Rajiv Gandhi International Stadium, Uppal",Deccan Chargers,Rajasthan Royals,Deccan Chargers,,5,
548374,2012,2012-05-19,Himachal Pradesh Cricket Association Stadium,Kings XI Punjab,Delhi Daredevils,Delhi Daredevils,,6,
548375,2012,2012-05-19,Subrata Roy Sahara Stadium,Pune Warriors,Kolkata Knight Riders,Kolkata Knight Riders,34,,
548376,2012,2012-05-20,"Rajiv Gandhi International Stadium, Uppal",Deccan Chargers,Royal Challengers Bangalore,Deccan Chargers,9,,
548377,2012,2012-05-20,Sawai Mansingh Stadium,Rajasthan Royals,Mumbai Indians,Mumbai Indians,,10,
548378,2012,2012-05-22,Subrata Roy Sahara Stadium,Delhi Daredevils,Kolkata Knight Riders,Kolkata Knight Riders,18,,
548379,2012,2012-05-23,M Chinnaswamy Stadium,Chennai Super Kings,Mumbai Indians,Chennai Super Kings,38,,
548380,2012,2012-05-25,"MA Chidambaram Stadium, Chepauk",Delhi Daredevils,Chennai Super Kings,Chennai Super Kings,86,,
548381,2012,2012-05-27,"MA Chidambaram Stadium, Chepauk",Kolkata Knight Riders,Chennai Super Kings,Kolkata Knight Riders,,5,
597998,2013,2013-04-03,Eden Gardens,Kolkata Knight Riders,Delhi Daredevils,Kolkata Knight Riders,,6,
597999,2013,2013-04-04,M Chinnaswamy Stadium,Royal Challengers Bangalore,Mumbai Indians,Royal Challengers Bangalore,2,,
598000,2013,2013-04-05,"Rajiv Gandhi International Stadium, Uppal",Sunrisers Hyderabad,Pune Warriors,Sunrisers Hyderabad,22,,
598001,2013,2013-04-06,Feroz Shah Kotla,Delhi Daredevils,Rajasthan Royals,Rajasthan Royals,5,,
598002,2013,2013-04-06,"MA Chidambaram Stadium, Chepauk",Chennai Super Kings,Mumbai Indians,Mumbai Indians,9,,
598003,2013,2013-04-07,Subrata Roy Sahara Stadium,Pune Warriors,Kings XI Punjab,Kings XI Punjab,,8,
598004,2013,2013-04-07,"Rajiv Gandhi International Stadium, Uppal",Sunrisers Hyderabad,Royal Challengers Bangalore,,,,
598005,2013,2013-04-08,Sawai Mansingh Stadium,Rajasthan Royals,Kolkata Knight Riders,Rajasthan Royals,19,,
598006,2013,2013-04-09,Wankhede Stadium,Mumbai Indians,Delhi Daredevils,Mumbai Indians,44,,
598007,2013,2013-04-10,"Punjab Cricket Association Stadium, Mohali",Kings XI Punjab,Chennai Super Kings,Chennai Super Kings,,10,
598008,2013,2013-04-11,M Chinnaswamy Stadium,Royal Challengers Bangalore,Kolkata Knight Riders,Royal Challengers Bangalore,,8,
598009,2013,2013-04-11,Subrata Roy Sahara Stadium,Pune Warriors,Rajasthan Royals,Pune Warriors,,7,
598010,2013,2013-04-12,Feroz Shah Kotla,Delhi Daredevils,Sunrisers Hyderabad,Sunrisers Hyderabad,,3,
598011,2013,2013-04-13,Wankhede Stadium,Mumbai Indians,Pune Warriors,Mumbai Indians,41,,
598012,2013,2013-04-13,"MA Chidambaram Stadium, Chepauk",Chennai Super Kings,Royal Challengers Bangalore,Chennai Super Kings,,4,
598013,2013,2013-04-14,Eden Gardens,Kolkata Knight Riders,Sunrisers Hyderabad,Kolkata Knight Riders,48,,
598014,2013,2013-04-14,Sawai Mansingh Stadium,Rajasthan Royals,Kings XI Punjab,Rajasthan Royals,,6,
598015,2013,2013-04-15,"MA Chidambaram Stadium, Chepauk",Chennai Super Kings,Pune Warriors,Pune Warriors,24,,
598016,2013,2013-04-16,"Punjab Cricket Association Stadium, Mohali",Kings XI Punjab,Kolkata Knight Riders,Kings XI Punjab,4,,
598017,2013,2013-04-16,M Chinnaswamy Stadium,Royal Challengers Bangalore,Delhi Daredevils,,,,
598018,2013,2013-04-17,Maharashtra Cricket Association Stadium,Pune Warriors,Sunrisers Hyderabad,Sunrisers Hyderabad,11,,
598019,2013,2013-04-17,Sawai Mansingh Stadium,Rajasthan Royals,Mumbai Indians,Rajasthan Royals,87,,
598020,2013,2013-04-18,Feroz Shah Kotla,Delhi Daredevils,Chennai Super Kings,Chennai Super Kings,86,,
598021,2013,2013-04-19,"Rajiv Gandhi International Stadium, Uppal",Sunrisers Hyderabad,Kings XI Punjab,Sunrisers Hyderabad,,5,
598022,2013,2013-04-20,Eden Gardens,Kolkata Knight Riders,Chennai Super Kings,Chennai Super Kings,,4,
598023,2013,2013-04-20,M Chinnaswamy Stadium,Royal Challengers Bangalore,Rajasthan Royals,Royal Challengers Bangalore,,7,
598024,2013,2013-04-21,Feroz Shah Kotla,Delhi Daredevils,Mumbai Indians,Delhi Daredevils,,9,
598025,2013,2013-04-21,"Punjab Cricket Association Stadium, Mohali",Kings XI Punjab,Pune Warriors,Kings XI Punjab,,7,
598026,2013,2013-04-22,"MA Chidambaram Stadium, Chepauk",Chennai Super Kings,Rajasthan Royals,Chennai Super Kings,,5,
598027,2013,2013-04-23,M Chinnaswamy Stadium,Royal Challengers Bangalore,Pune Warriors,Royal Challengers Bangalore,130,,
598028,2013,2013-05-16,Himachal Pradesh Cricket Association Stadium,Kings XI Punjab,Delhi Daredevils,Kings XI Punjab,7,,
598029,2013,2013-04-24,Eden Gardens,Kolkata Knight Riders,Mumbai Indians,Mumbai Indians,,5,
598030,2013,2013-04-25,"MA Chidambaram Stadium, Chepauk",Chennai Super Kings,Sunrisers Hyderabad,Chennai Super Kings,,5,
598031,2013,2013-04-26,Eden Gardens,Kolkata Knight Riders,Kings XI Punjab,Kolkata Knight Riders,,6,
598032,2013,2013-04-27,Sawai Mansingh Stadium,Rajasthan Royals,Sunrisers Hyderabad,Rajasthan Royals,,8,
598033,2013,2013-04-27,Wankhede Stadium,Mumbai Indians,Royal Challengers Bangalore,Mumbai Indians,58,,
598034,2013,2013-04-28,"MA Chidambaram Stadium, Chepauk",Chennai Super Kings,Kolkata Knight Riders,Chennai Super Kings,14,,
598035,2013,2013-04-28,Shaheed Veer Narayan Singh International Stadium,Delhi Daredevils,Pune Warriors,Delhi Daredevils,15,,
598036,2013,2013-04-29,Sawai Mansingh Stadium,Rajasthan Royals,Royal Challengers Bangalore,Rajasthan Royals,,4,
598037,2013,2013-04-29,Wankhede Stadium,Mumbai Indians,Kings XI Punjab,Mumbai Indians,4,,
598038,2013,2013-04-30,Subrata Roy Sahara Stadium,Pune Warriors,Chennai Super Kings,Chennai Super Kings,37,,
598039,2013,2013-05-01,"Rajiv Gandhi International Stadium, Uppal",Sunrisers Hyderabad,Mumbai Indians,Sunrisers Hyderabad,,7,
598040,2013,2013-05-01,Shaheed Veer Narayan Singh International Stadium,Delhi Daredevils,Kolkata Knight Riders,Delhi Daredevils,,7,
598041,2013,2013-05-02,"MA Chidambaram Stadium, Chepauk",Chennai Super Kings,Kings XI Punjab,Chennai Super Kings,15,,
598042,2013,2013-05-02,Subrata Roy Sahara Stadium,Pune Warriors,Royal Challengers Bangalore,Royal Challengers Bangalore,17,,
598043,2013,2013-05-03,Eden Gardens,Kolkata Knight Riders,Rajasthan Royals,Kolkata Knight Riders,,8,
598044,2013,2013-05-04,"Rajiv Gandhi International Stadium, Uppal",Sunrisers Hyderabad,Delhi Daredevils,Sunrisers Hyderabad,,6,
598045,2013,2013-05-14,M Chinnaswamy Stadium,Royal Challengers Bangalore,Kings XI Punjab,Kings XI Punjab,,7,
598046,2013,2013-05-05,Wankhede Stadium,Mumbai Indians,Chennai Super Kings,Mumbai Indians,60,,
598047,2013,2013-05-05,Sawai Mansingh Stadium,Rajasthan Royals,Pune Warriors,Rajasthan Royals,,5,
598048,2013,2013-04-09,M Chinnaswamy Stadium,Royal Challengers Bangalore,Sunrisers Hyderabad,Royal Challengers Bangalore,,7,
598049,2013,2013-05-07,Sawai Mansingh Stadium,Rajasthan Royals,Delhi Daredevils,Rajasthan Royals,,9,
598050,2013,2013-05-07,Wankhede Stadium,Mumbai Indians,Kolkata Knight Riders,Mumbai Indians,65,,
598051,2013,2013-05-08,"Rajiv Gandhi International Stadium, Uppal",Sunrisers Hyderabad,Chennai Super Kings,Chennai Super Kings,77,,
598052,2013,2013-05-09,"Punjab Cricket Association Stadium, Mohali",Kings XI Punjab,Rajasthan Royals,Rajasthan Royals,,8,
598053,2013,2013-05-09,Subrata Roy Sahara Stadium,Pune Warriors,Kolkata Knight Riders,Kolkata Knight Riders,46,,
598054,2013,2013-05-10,Feroz Shah Kotla,Delhi Daredevils,Royal Challengers Bangalore,Royal Challengers Bangalore,4,,
598055,2013,2013-05-11,Subrata Roy Sahara Stadium,Pune Warriors,Mumbai Indians,Mumbai Indians,,5,
598056,2013,2013-05-11,"Punjab Cricket Association Stadium, Mohali",Kings XI Punjab,Sunrisers Hyderabad,Sunrisers Hyderabad,30,,
598057,2013,2013-05-12,JSCA International Stadium Complex,Kolkata Knight Riders,Royal Challengers Bangalore,Kolkata Knight Riders,,5,
598058,2013,2013-05-12,Sawai Mansingh Stadium,Rajasthan Royals,Chennai Super Kings,Rajasthan Royals,,5,
598059,2013,2013-04-23,Feroz Shah Kotla,Delhi Daredevils,Kings XI Punjab,Kings XI Punjab,,5,
598060,2013,2013-05-13,Wankhede Stadium,Mumbai Indians,Sunrisers Hyderabad,Mumbai Indians,,7,
598061,2013,2013-05-15,JSCA International Stadium Complex,Kolkata Knight Riders,Pune Warriors,Pune Warriors,7,,
598062,2013,2013-05-14,"MA Chidambaram Stadium, Chepauk",Chennai Super Kings,Delhi Daredevils,Chennai Super Kings,33,,
598063,2013,2013-05-15,Wankhede Stadium,Mumbai Indians,Rajasthan Royals,Mumbai Indians,14,,
598064,2013,2013-05-06,"Punjab Cricket Association Stadium, Mohali",Kings XI Punjab,Royal Challengers Bangalore,Kings XI Punjab,,6,
598065,2013,2013-05-17,"Rajiv Gandhi International Stadium, Uppal",Sunrisers Hyderabad,Rajasthan Royals,Sunrisers Hyderabad,23,,
598066,2013,2013-05-18,Himachal Pradesh Cricket Association Stadium,Kings XI Punjab,Mumbai Indians,Kings XI Punjab,50,,
598067,2013,2013-05-19,Subrata Roy Sahara Stadium,Pune Warriors,Delhi Daredevils,Pune Warriors,38,,
598068,2013,2013-05-18,M Chinnaswamy Stadium,Royal Challengers Bangalore,Chennai Super Kings,Royal Challengers Bangalore,24,,
598069,2013,2013-05-19,"Rajiv Gandhi International Stadium, Uppal",Sunrisers Hyderabad,Kolkata Knight Riders,Sunrisers Hyderabad,,5,
598070,2013,2013-05-21,Feroz Shah Kotla,Chennai Super Kings,Mumbai Indians,Chennai Super Kings,48,,
598071,2013,2013-05-22,Feroz Shah Kotla,Rajasthan Royals,Sunrisers Hyderabad,Rajasthan Royals,,4,
598072,2013,2013-05-24,Eden Gardens,Mumbai Indians,Rajasthan Royals,Mumbai Indians,,4,
598073,2013,2013-05-26,Eden Gardens,Chennai Super Kings,Mumbai Indians,Mumbai Indians,23,,
729279,2014,2014-04-16,Sheikh Zayed Stadium,Mumbai Indians,Kolkata Knight Riders,Kolkata Knight Riders,41,,
729281,2014,2014-04-17,Sharjah Cricket Stadium,Delhi Daredevils,Royal Challengers Bangalore,Royal Challengers Bangalore,,8,
729283,2014,2014-04-18,Sheikh Zayed Stadium,Chennai Super Kings,Kings XI Punjab,Kings XI Punjab,,6,
729285,2014,2014-04-18,Sheikh Zayed Stadium,Sunrisers Hyderabad,Rajasthan Royals,Rajasthan Royals,,4,
729287,2014,2014-04-19,Dubai International Cricket Stadium,Royal Challengers Bangalore,Mumbai Indians,Royal Challengers Bangalore,,7,
729289,2014,2014-04-19,Dubai International Cricket Stadium,Kolkata Knight Riders,Delhi Daredevils,Delhi Daredevils,,4,
729291,2014,2014-04-20,Sharjah Cricket Stadium,Rajasthan Royals,Kings XI Punjab,Kings XI Punjab,,7,
729293,2014,2014-04-21,Sheikh Zayed Stadium,Chennai Super Kings,Delhi Daredevils,Chennai Super Kings,93,,
729295,2014,2014-04-22,Sharjah Cricket Stadium,Kings XI Punjab,Sunrisers Hyderabad,Kings XI Punjab,72,,
729297,2014,2014-04-23,Dubai International Cricket Stadium,Rajasthan Royals,Chennai Super Kings,Chennai Super Kings,7,,
729299,2014,2014-04-24,Sharjah Cricket Stadium,Royal Challengers Bangalore,Kolkata Knight Riders,Kolkata Knight Riders,2,,
729301,2014,2014-04-25,Dubai International Cricket Stadium,Sunrisers Hyderabad,Delhi Daredevils,Sunrisers Hyderabad,4,,
729303,2014,2014-04-25,Dubai International Cricket Stadium,Chennai Super Kings,Mumbai Indians,Chennai Super Kings,,7,
729305,2014,2014-04-26,Sheikh Zayed Stadium,Rajasthan Royals,Royal Challengers Bangalore,Rajasthan Royals,,6,
729307,2014,2014-04-26,Sheikh Zayed Stadium,Kolkata Knight Riders,Kings XI Punjab,Kings XI Punjab,23,,
729309,2014,2014-04-27,Sharjah Cricket Stadium,Delhi Daredevils,Mumbai Indians,Delhi Daredevils,,6,
729311,2014,2014-04-27,Sharjah Cricket Stadium,Sunrisers Hyderabad,Chennai Super Kings,Chennai Super Kings,,5,
729313,2014,2014-04-28,Dubai International Cricket Stadium,Kings XI Punjab,Royal Challengers Bangalore,Kings XI Punjab,,5,
729315,2014,2014-04-29,Sheikh Zayed Stadium,Kolkata Knight Riders,Rajasthan Royals,,,,
729317,2014,2014-04-30,Dubai International Cricket Stadium,Mumbai Indians,Sunrisers Hyderabad,Sunrisers Hyderabad,15,,
733971,2014,2014-05-02,JSCA International Stadium Complex,Chennai Super Kings,Kolkata Knight Riders,Chennai Super Kings,34,,
733973,2014,2014-05-03,Wankhede Stadium,Mumbai Indians,Kings XI Punjab,Mumbai Indians,,5,
733975,2014,2014-05-03,Feroz Shah Kotla,Delhi Daredevils,Rajasthan Royals,Rajasthan Royals,,7,
733977,2014,2014-05-04,M Chinnaswamy Stadium,Royal Challengers Bangalore,Sunrisers Hyderabad,Royal Challengers Bangalore,,4,
733979,2014,2014-05-05,"Sardar Patel Stadium, Motera",Rajasthan Royals,Kolkata Knight Riders,Rajasthan Royals,10,,
733981,2014,2014-05-05,Feroz Shah Kotla,Delhi Daredevils,Chennai Super Kings,Chennai Super Kings,,8,
733983,2014,2014-05-06,Wankhede Stadium,Mumbai Indians,Royal Challengers Bangalore,Mumbai Indians,19,,
733985,2014,2014-05-07,Feroz Shah Kotla,Delhi Daredevils,Kolkata Knight Riders,Kolkata Knight Riders,,8,
733987,2014,2014-05-07,Barabati Stadium,Kings XI Punjab,Chennai Super Kings,Kings XI Punjab,44,,
733989,2014,2014-05-08,"Sardar Patel Stadium, Motera",Rajasthan Royals,Sunrisers Hyderabad,Sunrisers Hyderabad,32,,
733991,2014,2014-05-09,M Chinnaswamy Stadium,Royal Challengers Bangalore,Kings XI Punjab,Kings XI Punjab,32,,
733993,2014,2014-05-10,Feroz Shah Kotla,Delhi Daredevils,Sunrisers Hyderabad,Sunrisers Hyderabad,,8,
733995,2014,2014-05-10,Wankhede Stadium,Mumbai Indians,Chennai Super Kings,Chennai Super Kings,,4,
733997,2014,2014-05-11,Barabati Stadium,Kings XI Punjab,Kolkata Knight Riders,Kolkata Knight Riders,,9,
733999,2014,2014-05-11,M Chinnaswamy Stadium,Royal Challengers Bangalore,Rajasthan Royals,Rajasthan Royals,,5,
734001,2014,2014-05-12,"Rajiv Gandhi International Stadium, Uppal",Sunrisers Hyderabad,Mumbai Indians,Mumbai Indians,,7,
734003,2014,2014-05-13,JSCA International Stadium Complex,Chennai Super Kings,Rajasthan Royals,Chennai Super Kings,,5,
734005,2014,2014-05-13,M Chinnaswamy Stadium,Royal Challengers Bangalore,Delhi Daredevils,Royal Challengers Bangalore,16,,
734007,2014,2014-05-14,"Rajiv Gandhi International Stadium, Uppal",Sunrisers Hyderabad,Kings XI Punjab,Kings XI Punjab,,6,
734009,2014,2014-05-14,Barabati Stadium,Kolkata Knight Riders,Mumbai Indians,Kolkata Knight Riders,,6,
734011,2014,2014-05-15,"Sardar Patel Stadium, Motera",Rajasthan Royals,Delhi Daredevils,Rajasthan Royals,62,,
734013,2014,2014-05-18,JSCA International Stadium Complex,Chennai Super Kings,Royal Challengers Bangalore,Royal Challengers Bangalore,,5,
734015,2014,2014-05-18,"Rajiv Gandhi International Stadium, Uppal",Sunrisers Hyderabad,Kolkata Knight Riders,Kolkata Knight Riders,,7,
734017,2014,2014-05-19,"Sardar Patel Stadium, Motera",Rajasthan Royals,Mumbai Indians,Mumbai Indians,25,,
734019,2014,2014-05-19,Feroz Shah Kotla,Delhi Daredevils,Kings XI Punjab,Kings XI Punjab,,4,
734021,2014,2014-05-20,"Rajiv Gandhi International Stadium, Uppal",Sunrisers Hyderabad,Royal Challengers Bangalore,Sunrisers Hyderabad,,7,
734023,2014,2014-05-20,Eden Gardens,Kolkata Knight Riders,Chennai Super Kings,Kolkata Knight Riders,,8,
734025,2014,2014-05-21,"Punjab Cricket Association Stadium, Mohali",Kings XI Punjab,Mumbai Indians,Mumbai Indians,,7,
734027,2014,2014-05-22,Eden Gardens,Kolkata Knight Riders,Royal Challengers Bangalore,Kolkata Knight Riders,30,,
734029,2014,2014-05-22,JSCA International Stadium Complex,Chennai Super Kings,Sunrisers Hyderabad,Sunrisers Hyderabad,,6,
734031,2014,2014-05-23,Wankhede Stadium,Mumbai Indians,Delhi Daredevils,Mumbai Indians,15,,
734033,2014,2014-05-23,"Punjab Cricket Association Stadium, Mohali",Kings XI Punjab,Rajasthan Royals,Kings XI Punjab,16,,
734035,2014,2014-05-24,M Chinnaswamy Stadium,Royal Challengers Bangalore,Chennai Super Kings,Chennai Super Kings,,8,
734037,2014,2014-05-24,Eden Gardens,Kolkata Knight Riders,Sunrisers Hyderabad,Kolkata Knight Riders,,4,
734039,2014,2014-05-25,"Punjab Cricket Association Stadium, Mohali",Kings XI Punjab,Delhi Daredevils,Kings XI Punjab,,7,
734041,2014,2014-05-25,Wankhede Stadium,Mumbai Indians,Rajasthan Royals,Mumbai Indians,,5,
734043,2014,2014-05-27,Eden Gardens,Kings XI Punjab,Kolkata Knight Riders,Kolkata Knight Riders,28,,
734045,2014,2014-05-28,Brabourne Stadium,Chennai Super Kings,Mumbai Indians,Chennai Super Kings,,7,
734047,2014,2014-05-30,Wankhede Stadium,Chennai Super Kings,Kings XI Punjab,Kings XI Punjab,24,,
734049,2014,2014-06-01,M Chinnaswamy Stadium,Kolkata Knight Riders,Kings XI Punjab,Kolkata Knight Riders,,3,
829705,2015,2015-04-08,Eden Gardens,Kolkata Knight Riders,Mumbai Indians,Kolkata Knight Riders,,7,
829707,2015,2015-04-09,"MA Chidambaram Stadium, Chepauk",Chennai Super Kings,Delhi Daredevils,Chennai Super Kings,1,,
829709,2015,2015-04-10,Maharashtra Cricket Association Stadium,Kings XI Punjab,Rajasthan Royals,Rajasthan Royals,26,,
829711,2015,2015-04-11,"MA Chidambaram Stadium, Chepauk",Chennai Super Kings,Sunrisers Hyderabad,Chennai Super Kings,45,,
829713,2015,2015-04-11,Eden Gardens,Kolkata Knight Riders,Royal Challengers Bangalore,Royal Challengers Bangalore,,3,
829715,2015,2015-04-12,Feroz Shah Kotla,Delhi Daredevils,Rajasthan Royals,Rajasthan Royals,,3,
829717,2015,2015-04-12,Wankhede Stadium,Mumbai Indians,Kings XI Punjab,Kings XI Punjab,18,,
829719,2015,2015-04-13,M Chinnaswamy Stadium,Royal Challengers Bangalore,Sunrisers Hyderabad,Sunrisers Hyderabad,,8,
829721,2015,2015-04-14,"Sardar Patel Stadium, Motera",Rajasthan Royals,Mumbai Indians,Rajasthan Royals,,7,
829723,2015,2015-04-30,Eden Gardens,Kolkata Knight Riders,Chennai Super Kings,Kolkata Knight Riders,,7,
829725,2015,2015-04-15,Maharashtra Cricket Association Stadium,Kings XI Punjab,Delhi Daredevils,Delhi Daredevils,,5,
829727,2015,2015-04-16,Dr. Y.S. Rajasekhara Reddy ACA-VDCA Cricket Stadium,Sunrisers Hyderabad,Rajasthan Royals,Rajasthan Royals,,6,
829729,2015,2015-04-17,Wankhede Stadium,Mumbai Indians,Chennai Super Kings,Chennai Super Kings,,6,
829731,2015,2015-04-18,Dr. Y.S. Rajasekhara Reddy ACA-VDCA Cricket Stadium,Sunrisers Hyderabad,Delhi Daredevils,Delhi Daredevils,4,,
829733,2015,2015-04-18,Maharashtra Cricket Association Stadium,Kings XI Punjab,Kolkata Knight Riders,Kolkata Knight Riders,,4,
829735,2015,2015-04-19,"Sardar Patel Stadium, Motera",Rajasthan Royals,Chennai Super Kings,Rajasthan Royals,,8,
829737,2015,2015-04-19,M Chinnaswamy Stadium,Royal Challengers Bangalore,Mumbai Indians,Mumbai Indians,18,,
829739,2015,2015-04-20,Feroz Shah Kotla,Delhi Daredevils,Kolkata Knight Riders,Kolkata Knight Riders,,6,
829741,2015,2015-04-21,"Sardar Patel Stadium, Motera",Rajasthan Royals,Kings XI Punjab,,,,
829743,2015,2015-04-22,Dr. Y.S. Rajasekhara Reddy ACA-VDCA Cricket Stadium,Sunrisers Hyderabad,Kolkata Knight Riders,Sunrisers Hyderabad,16,,
829745,2015,2015-04-22,M Chinnaswamy Stadium,Royal Challengers Bangalore,Chennai Super Kings,Chennai Super Kings,27,,
829747,2015,2015-04-23,Feroz Shah Kotla,Delhi Daredevils,Mumbai Indians,Delhi Daredevils,37,,
829749,2015,2015-04-24,"Sardar Patel Stadium, Motera",Rajasthan Royals,Royal Challengers Bangalore,Royal Challengers Bangalore,,9,
829751,2015,2015-04-25,Wankhede Stadium,Mumbai Indians,Sunrisers Hyderabad,Mumbai Indians,20,,
829753,2015,2015-04-25,"MA Chidambaram Stadium, Chepauk",Chennai Super Kings,Kings XI Punjab,Chennai Super Kings,97,,
829757,2015,2015-04-26,Feroz Shah Kotla,Delhi Daredevils,Royal Challengers Bangalore,Royal Challengers Bangalore,,10,
829759,2015,2015-04-27,"Punjab Cricket Association Stadium, Mohali",Kings XI Punjab,Sunrisers Hyderabad,Sunrisers Hyderabad,20,,
829761,2015,2015-05-07,Eden Gardens,Kolkata Knight Riders,Delhi Daredevils,Kolkata Knight Riders,13,,
829763,2015,2015-04-29,M Chinnaswamy Stadium,Royal Challengers Bangalore,Rajasthan Royals,,,,
829765,2015,2015-04-28,"MA Chidambaram Stadium, Chepauk",Chennai Super Kings,Kolkata Knight Riders,Chennai Super Kings,2,,
829767,2015,2015-05-01,Feroz Shah Kotla,Delhi Daredevils,Kings XI Punjab,Delhi Daredevils,,9,
829769,2015,2015-05-01,Wankhede Stadium,Mumbai Indians,Rajasthan Royals,Mumbai Indians,8,,
829771,2015,2015-05-02,M Chinnaswamy Stadium,Royal Challengers Bangalore,Kolkata Knight Riders,Royal Challengers Bangalore,,7,
829773,2015,2015-05-02,"Rajiv Gandhi International Stadium, Uppal",Sunrisers Hyderabad,Chennai Super Kings,Sunrisers Hyderabad,22,,
829775,2015,2015-05-03,"Punjab Cricket Association Stadium, Mohali",Kings XI Punjab,Mumbai Indians,Mumbai Indians,23,,
829777,2015,2015-05-03,Brabourne Stadium,Rajasthan Royals,Delhi Daredevils,Rajasthan Royals,14,,
829779,2015,2015-05-04,"MA Chidambaram Stadium, Chepauk",Chennai Super Kings,Royal Challengers Bangalore,Chennai Super Kings,24,,
829781,2015,2015-05-04,Eden Gardens,Kolkata Knight Riders,Sunrisers Hyderabad,Kolkata Knight Riders,35,,
829783,2015,2015-05-05,Wankhede Stadium,Mumbai Indians,Delhi Daredevils,Mumbai Indians,,5,
829785,2015,2015-05-06,M Chinnaswamy Stadium,Royal Challengers Bangalore,Kings XI Punjab,Royal Challengers Bangalore,138,,
829787,2015,2015-05-07,Brabourne Stadium,Rajasthan Royals,Sunrisers Hyderabad,Sunrisers Hyderabad,7,,
829789,2015,2015-05-08,"MA Chidambaram Stadium, Chepauk",Chennai Super Kings,Mumbai Indians,Mumbai Indians,,6,
829791,2015,2015-05-09,Eden Gardens,Kolkata Knight Riders,Kings XI Punjab,Kolkata Knight Riders,,1,
829793,2015,2015-05-09,Shaheed Veer Narayan Singh International Stadium,Delhi Daredevils,Sunrisers Hyderabad,Sunrisers Hyderabad,6,,
829795,2015,2015-05-10,Wankhede Stadium,Mumbai Indians,Royal Challengers Bangalore,Royal Challengers Bangalore,39,,
829797,2015,2015-05-10,"MA Chidambaram Stadium, Chepauk",Chennai Super Kings,Rajasthan Royals,Chennai Super Kings,12,,
829799,2015,2015-05-11,"Rajiv Gandhi International Stadium, Uppal",Sunrisers Hyderabad,Kings XI Punjab,Sunrisers Hyderabad,5,,
829801,2015,2015-05-12,Shaheed Veer Narayan Singh International Stadium,Delhi Daredevils,Chennai Super Kings,Delhi Daredevils,,6,
829803,2015,2015-05-13,"Punjab Cricket Association Stadium, Mohali",Kings XI Punjab,Royal Challengers Bangalore,Kings XI Punjab,22,,
829805,2015,2015-05-14,Wankhede Stadium,Mumbai Indians,Kolkata Knight Riders,Mumbai Indians,5,,
829807,2015,2015-05-15,"Rajiv Gandhi International Stadium, Uppal",Sunrisers Hyderabad,Royal Challengers Bangalore,Royal Challengers Bangalore,,6,
829809,2015,2015-05-16,"Punjab Cricket Association Stadium, Mohali",Kings XI Punjab,Chennai Super Kings,Chennai Super Kings,,7,
829811,2015,2015-05-16,Brabourne Stadium,Rajasthan Royals,Kolkata Knight Riders,Rajasthan Royals,9,,
829813,2015,2015-05-17,M Chinnaswamy Stadium,Royal Challengers Bangalore,Delhi Daredevils,,,,
829815,2015,2015-05-17,"Rajiv Gandhi International Stadium, Uppal",Sunrisers Hyderabad,Mumbai Indians,Mumbai Indians,,9,
829817,2015,2015-05-19,Wankhede Stadium,Chennai Super Kings,Mumbai Indians,Mumbai Indians,25,,
829819,2015,2015-05-20,Maharashtra Cricket Association Stadium,Royal Challengers Bangalore,Rajasthan Royals,Royal Challengers Bangalore,71,,
829821,2015,2015-05-22,JSCA International Stadium Complex,Chennai Super Kings,Royal Challengers Bangalore,Chennai Super Kings,,3,
829823,2015,2015-05-24,Eden Gardens,Mumbai Indians,Chennai Super Kings,Mumbai Indians,41,,
980901,2016,2016-04-09,Wankhede Stadium,Mumbai Indians,Rising Pune Supergiants,Rising Pune Supergiants,,9,
980903,2016,2016-04-10,Eden Gardens,Kolkata Knight Riders,Delhi Daredevils,Kolkata Knight Riders,,9,
980905,2016,2016-04-11,"Punjab Cricket Association IS Bindra Stadium, Mohali",Kings XI Punjab,Gujarat Lions,Gujarat Lions,,5,
980907,2016,2016-04-12,M Chinnaswamy Stadium,Royal Challengers Bangalore,Sunrisers Hyderabad,Royal Challengers Bangalore,45,,
980909,2016,2016-04-13,Eden Gardens,Kolkata Knight Riders,Mumbai Indians,Mumbai Indians,,6,
980911,2016,2016-04-14,Saurashtra Cricket Association Stadium,Gujarat Lions,Rising Pune Supergiants,Gujarat Lions,,7,
980913,2016,2016-04-15,Feroz Shah Kotla,Delhi Daredevils,Kings XI Punjab,Delhi Daredevils,,8,
980915,2016,2016-04-16,"Rajiv Gandhi International Stadium, Uppal",Sunrisers Hyderabad,Kolkata Knight Riders,Kolkata Knight Riders,,8,
980917,2016,2016-04-16,Wankhede Stadium,Mumbai Indians,Gujarat Lions,Gujarat Lions,,3,
980919,2016,2016-04-17,"Punjab Cricket Association IS Bindra Stadium, Mohali",Kings XI Punjab,Rising Pune Supergiants,Kings XI Punjab,,6,
980921,2016,2016-04-17,M Chinnaswamy Stadium,Royal Challengers Bangalore,Delhi Daredevils,Delhi Daredevils,,7,
980923,2016,2016-04-18,"Rajiv Gandhi International Stadium, Uppal",Sunrisers Hyderabad,Mumbai Indians,Sunrisers Hyderabad,,7,
980925,2016,2016-04-19,"Punjab Cricket Association IS Bindra Stadium, Mohali",Kings XI Punjab,Kolkata Knight Riders,Kolkata Knight Riders,,6,
980927,2016,2016-04-20,Wankhede Stadium,Mumbai Indians,Royal Challengers Bangalore,Mumbai Indians,,6,
980929,2016,2016-04-21,Saurashtra Cricket Association Stadium,Gujarat Lions,Sunrisers Hyderabad,Sunrisers Hyderabad,,10,
980931,2016,2016-04-22,Maharashtra Cricket Association Stadium,Rising Pune Supergiants,Royal Challengers Bangalore,Royal Challengers Bangalore,13,,
980933,2016,2016-04-23,Feroz Shah Kotla,Delhi Daredevils,Mumbai Indians,Delhi Daredevils,10,,
980935,2016,2016-04-23,"Rajiv Gandhi International Stadium, Uppal",Sunrisers Hyderabad,Kings XI Punjab,Sunrisers Hyderabad,,5,
980937,2016,2016-04-24,Saurashtra Cricket Association Stadium,Gujarat Lions,Royal Challengers Bangalore,Gujarat Lions,,6,
980939,2016,2016-04-24,Maharashtra Cricket Association Stadium,Rising Pune Supergiants,Kolkata Knight Riders,Kolkata Knight Riders,,2,
980941,2016,2016-04-25,"Punjab Cricket Association IS Bindra Stadium, Mohali",Kings XI Punjab,Mumbai Indians,Mumbai Indians,25,,
980943,2016,2016-04-26,"Rajiv Gandhi International Stadium, Uppal",Sunrisers Hyderabad,Rising Pune Supergiants,Rising Pune Supergiants,34,,
980945,2016,2016-04-27,Feroz Shah Kotla,Delhi Daredevils,Gujarat Lions,Gujarat Lions,1,,
980947,2016,2016-04-28,Wankhede Stadium,Mumbai Indians,Kolkata Knight Riders,Mumbai Indians,,6,
980949,2016,2016-04-29,Maharashtra Cricket Association Stadium,Rising Pune Supergiants,Gujarat Lions,Gujarat Lions,,3,
980951,2016,2016-04-30,Feroz Shah Kotla,Delhi Daredevils,Kolkata Knight Riders,Delhi Daredevils,27,,
980953,2016,2016-04-30,"Rajiv Gandhi International Stadium, Uppal",Sunrisers Hyderabad,Royal Challengers Bangalore,Sunrisers Hyderabad,15,,
980955,2016,2016-05-01,Saurashtra Cricket Association Stadium,Gujarat Lions,Kings XI Punjab,Kings XI Punjab,23,,
980957,2016,2016-05-01,Maharashtra Cricket Association Stadium,Rising Pune Supergiants,Mumbai Indians,Mumbai Indians,,8,
980959,2016,2016-05-02,M Chinnaswamy Stadium,Royal Challengers Bangalore,Kolkata Knight Riders,Kolkata Knight Riders,,5,
980961,2016,2016-05-03,Saurashtra Cricket Association Stadium,Gujarat Lions,Delhi Daredevils,Delhi Daredevils,,8,
980963,2016,2016-05-04,Eden Gardens,Kolkata Knight Riders,Kings XI Punjab,Kolkata Knight Riders,7,,
980965,2016,2016-05-05,Feroz Shah Kotla,Delhi Daredevils,Rising Pune Supergiants,Rising Pune Supergiants,,7,
980967,2016,2016-05-06,"Rajiv Gandhi International Stadium, Uppal",Sunrisers Hyderabad,Gujarat Lions,Sunrisers Hyderabad,,5,
980969,2016,2016-05-07,M Chinnaswamy Stadium,Royal Challengers Bangalore,Rising Pune Supergiants,Royal Challengers Bangalore,,7,
980971,2016,2016-05-07,"Punjab Cricket Association IS Bindra Stadium, Mohali",Kings XI Punjab,Delhi Daredevils,Kings XI Punjab,9,,
980973,2016,2016-05-08,Dr. Y.S. Rajasekhara Reddy ACA-VDCA Cricket Stadium,Mumbai Indians,Sunrisers Hyderabad,Sunrisers Hyderabad,85,,
980975,2016,2016-05-08,Eden Gardens,Kolkata Knight Riders,Gujarat Lions,Gujarat Lions,,5,
980977,2016,2016-05-09,"Punjab Cricket Association IS Bindra Stadium, Mohali",Kings XI Punjab,Royal Challengers Bangalore,Royal Challengers Bangalore,1,,
980979,2016,2016-05-10,Dr. Y.S. Rajasekhara Reddy ACA-VDCA Cricket Stadium,Rising Pune Supergiants,Sunrisers Hyderabad,Sunrisers Hyderabad,4,,
980981,2016,2016-05-11,M Chinnaswamy Stadium,Royal Challengers Bangalore,Mumbai Indians,Mumbai Indians,,6,
980983,2016,2016-05-12,"Rajiv Gandhi International Stadium, Uppal",Sunrisers Hyderabad,Delhi Daredevils,Delhi Daredevils,,7,
980985,2016,2016-05-13,Dr. Y.S. Rajasekhara Reddy ACA-VDCA Cricket Stadium,Mumbai Indians,Kings XI Punjab,Kings XI Punjab,,7,
980987,2016,2016-05-14,M Chinnaswamy Stadium,Royal Challengers Bangalore,Gujarat Lions,Royal Challengers Bangalore,144,,
980989,2016,2016-05-14,Eden Gardens,Kolkata Knight Riders,Rising Pune Supergiants,Kolkata Knight Riders,,8,
980991,2016,2016-05-15,"Punjab Cricket Association IS Bindra Stadium, Mohali",Kings XI Punjab,Sunrisers Hyderabad,Sunrisers Hyderabad,,7,
980993,2016,2016-05-15,Dr. Y.S. Rajasekhara Reddy ACA-VDCA Cricket Stadium,Mumbai Indians,Delhi Daredevils,Mumbai Indians,80,,
980995,2016,2016-05-16,Eden Gardens,Kolkata Knight Riders,Royal Challengers Bangalore,Royal Challengers Bangalore,,9,
980997,2016,2016-05-17,Dr. Y.S. Rajasekhara Reddy ACA-VDCA Cricket Stadium,Rising Pune Supergiants,Delhi Daredevils,Rising Pune Supergiants,19,,
980999,2016,2016-05-18,M Chinnaswamy Stadium,Royal Challengers Bangalore,Kings XI Punjab,Royal Challengers Bangalore,82,,
981001,2016,2016-05-19,Green Park,Gujarat Lions,Kolkata Knight Riders,Gujarat Lions,,6,
981003,2016,2016-05-20,Shaheed Veer Narayan Singh International Stadium,Delhi Daredevils,Sunrisers Hyderabad,Delhi Daredevils,,6,
981005,2016,2016-05-21,Dr. Y.S. Rajasekhara Reddy ACA-VDCA Cricket Stadium,Rising Pune Supergiants,Kings XI Punjab,Rising Pune Supergiants,,4,
981007,2016,2016-05-21,Green Park,Gujarat Lions,Mumbai Indians,Gujarat Lions,,6,
981009,2016,2016-05-22,Eden Gardens,Kolkata Knight Riders,Sunrisers Hyderabad,Kolkata Knight Riders,22,,
981011,2016,2016-05-22,Shaheed Veer Narayan Singh International Stadium,Delhi Daredevils,Royal Challengers Bangalore,Royal Challengers Bangalore,,6,
981013,2016,2016-05-24,M Chinnaswamy Stadium,Gujarat Lions,Royal Challengers Bangalore,Royal Challengers Bangalore,,4,
981015,2016,2016-05-25,Feroz Shah Kotla,Sunrisers Hyderabad,Kolkata Knight Riders,Sunrisers Hyderabad,22,,
981017,2016,2016-05-27,Feroz Shah Kotla,Gujarat Lions,Sunrisers Hyderabad,Sunrisers Hyderabad,,4,
981019,2016,2016-05-29,M Chinnaswamy Stadium,Royal Challengers Bangalore,Sunrisers Hyderabad,Sunrisers Hyderabad,8,,
